"Step","tpu-v4-spmd-resumed-18000 - train/full_l40_prior","tpu-v4-spmd-resumed-18000 - train/full_l40_prior__MIN","tpu-v4-spmd-resumed-18000 - train/full_l40_prior__MAX"
"18020","1.5390625","1.5390625","1.5390625"
"18040","1.4453125","1.4453125","1.4453125"
"18060","1.390625","1.390625","1.390625"
"18080","1.2734375","1.2734375","1.2734375"
"18100","1.2421875","1.2421875","1.2421875"
"18120","1.171875","1.171875","1.171875"
"18140","1.171875","1.171875","1.171875"
"18160","1.359375","1.359375","1.359375"
"18180","2.828125","2.828125","2.828125"
"18200","1.125","1.125","1.125"
"18220","1.1796875","1.1796875","1.1796875"
"18240","1.296875","1.296875","1.296875"
"18260","1.328125","1.328125","1.328125"
"18280","1.2109375","1.2109375","1.2109375"
"18300","1.25","1.25","1.25"
"18320","1.234375","1.234375","1.234375"
"18340","1.1328125","1.1328125","1.1328125"
"18360","1.390625","1.390625","1.390625"
"18380","1.25","1.25","1.25"
"18400","1.578125","1.578125","1.578125"
"18420","1.078125","1.078125","1.078125"
"18440","1.328125","1.328125","1.328125"
"18460","1.4375","1.4375","1.4375"
"18480","1.203125","1.203125","1.203125"
"18500","1.6015625","1.6015625","1.6015625"
"18520","1.1484375","1.1484375","1.1484375"
"18540","1.296875","1.296875","1.296875"
"18560","1.28125","1.28125","1.28125"
"18580","1.0625","1.0625","1.0625"
"18600","1.3125","1.3125","1.3125"
"18620","1.28125","1.28125","1.28125"
"18640","1.09375","1.09375","1.09375"
"18660","1.0625","1.0625","1.0625"
"18680","1.2265625","1.2265625","1.2265625"
"18700","1.03125","1.03125","1.03125"
"18720","1.125","1.125","1.125"
"18740","1.078125","1.078125","1.078125"
"18760","1","1","1"
"18780","1.125","1.125","1.125"
"18800","1.09375","1.09375","1.09375"
"18820","1.0390625","1.0390625","1.0390625"
"18840","1.0078125","1.0078125","1.0078125"
"18860","1.015625","1.015625","1.015625"
"18880","1.109375","1.109375","1.109375"
"18900","1.1171875","1.1171875","1.1171875"
"18920","1.1015625","1.1015625","1.1015625"
"18940","1.171875","1.171875","1.171875"
"18960","1.0234375","1.0234375","1.0234375"
"18980","1.0859375","1.0859375","1.0859375"
"19000","1.125","1.125","1.125"
"19020","1.03125","1.03125","1.03125"
"19040","1.09375","1.09375","1.09375"
"19060","0.9921875","0.9921875","0.9921875"
"19080","0.94921875","0.94921875","0.94921875"
"19100","1.0546875","1.0546875","1.0546875"
"19120","1","1","1"
"19140","1.0078125","1.0078125","1.0078125"
"19160","1.0234375","1.0234375","1.0234375"
"19180","0.98046875","0.98046875","0.98046875"
"19200","0.9765625","0.9765625","0.9765625"
"19220","1.0546875","1.0546875","1.0546875"
"19240","0.953125","0.953125","0.953125"
"19260","0.96875","0.96875","0.96875"
"19280","1.078125","1.078125","1.078125"
"19300","1.0234375","1.0234375","1.0234375"
"19320","0.9609375","0.9609375","0.9609375"
"19340","0.9140625","0.9140625","0.9140625"
"19360","1.0625","1.0625","1.0625"
"19380","1.0078125","1.0078125","1.0078125"
"19400","1.0078125","1.0078125","1.0078125"
"19420","1.109375","1.109375","1.109375"
"19440","0.9375","0.9375","0.9375"
"19460","0.953125","0.953125","0.953125"
"19480","0.9921875","0.9921875","0.9921875"
"19500","1.015625","1.015625","1.015625"
"19520","1.0859375","1.0859375","1.0859375"
"19540","0.90234375","0.90234375","0.90234375"
"19560","1.0859375","1.0859375","1.0859375"
"19580","1.0625","1.0625","1.0625"
"19600","1.21875","1.21875","1.21875"
"19620","0.953125","0.953125","0.953125"
"19640","1.0625","1.0625","1.0625"
"19660","0.921875","0.921875","0.921875"
"19680","0.98046875","0.98046875","0.98046875"
"19700","0.9609375","0.9609375","0.9609375"
"19720","0.953125","0.953125","0.953125"
"19740","0.96875","0.96875","0.96875"
"19760","1.0234375","1.0234375","1.0234375"
"19780","1.0546875","1.0546875","1.0546875"
"19800","0.9609375","0.9609375","0.9609375"
"19820","1.265625","1.265625","1.265625"
"19840","1.0703125","1.0703125","1.0703125"
"19860","0.91796875","0.91796875","0.91796875"
"19880","0.8984375","0.8984375","0.8984375"
"19900","1.046875","1.046875","1.046875"
"19920","0.9921875","0.9921875","0.9921875"
"19940","0.98046875","0.98046875","0.98046875"
"19960","1.1875","1.1875","1.1875"
"19980","0.95703125","0.95703125","0.95703125"
"20000","1.0234375","1.0234375","1.0234375"
"20020","1.0078125","1.0078125","1.0078125"
"20040","1.265625","1.265625","1.265625"
"20060","1.2109375","1.2109375","1.2109375"
"20080","0.9609375","0.9609375","0.9609375"
"20100","1.015625","1.015625","1.015625"
"20120","1.1015625","1.1015625","1.1015625"
"20140","1.265625","1.265625","1.265625"
"20160","1.09375","1.09375","1.09375"
"20180","1.046875","1.046875","1.046875"
"20200","1.234375","1.234375","1.234375"
"20220","1.359375","1.359375","1.359375"
"20240","1.359375","1.359375","1.359375"
"20260","1.46875","1.46875","1.46875"
"20280","1.2421875","1.2421875","1.2421875"
"20300","1.0703125","1.0703125","1.0703125"
"20320","1.625","1.625","1.625"
"20340","1.9375","1.9375","1.9375"
"20360","0.9921875","0.9921875","0.9921875"
"20380","2.09375","2.09375","2.09375"
"20400","1.4140625","1.4140625","1.4140625"
"20420","0.94921875","0.94921875","0.94921875"
"20440","1.1484375","1.1484375","1.1484375"
"20460","1.0078125","1.0078125","1.0078125"
"20480","0.97265625","0.97265625","0.97265625"
"20500","1.15625","1.15625","1.15625"
"20520","1.109375","1.109375","1.109375"
"20540","1.1875","1.1875","1.1875"
"20560","0.95703125","0.95703125","0.95703125"
"20580","1.1171875","1.1171875","1.1171875"
"20600","1.0625","1.0625","1.0625"
"20620","0.9453125","0.9453125","0.9453125"
"20640","0.953125","0.953125","0.953125"
"20660","0.97265625","0.97265625","0.97265625"
"20680","0.89453125","0.89453125","0.89453125"
"20700","0.91796875","0.91796875","0.91796875"
"20720","1.1015625","1.1015625","1.1015625"
"20740","1.109375","1.109375","1.109375"
"20760","0.89453125","0.89453125","0.89453125"
"20780","0.94921875","0.94921875","0.94921875"
"20800","0.94140625","0.94140625","0.94140625"
"20820","0.94921875","0.94921875","0.94921875"
"20840","1.03125","1.03125","1.03125"
"20860","0.90234375","0.90234375","0.90234375"
"20880","0.92578125","0.92578125","0.92578125"
"20900","0.921875","0.921875","0.921875"
"20920","0.9375","0.9375","0.9375"
"20940","0.87890625","0.87890625","0.87890625"
"20960","0.88671875","0.88671875","0.88671875"
"20980","1.03125","1.03125","1.03125"
"21000","0.8359375","0.8359375","0.8359375"
"21020","0.8828125","0.8828125","0.8828125"
"21040","0.8828125","0.8828125","0.8828125"
"21060","0.88671875","0.88671875","0.88671875"
"21080","0.8984375","0.8984375","0.8984375"
"21100","1.1171875","1.1171875","1.1171875"
"21120","0.92578125","0.92578125","0.92578125"
"21140","0.9375","0.9375","0.9375"
"21160","0.890625","0.890625","0.890625"
"21180","0.953125","0.953125","0.953125"
"21200","0.859375","0.859375","0.859375"
"21220","0.89453125","0.89453125","0.89453125"
"21240","0.8359375","0.8359375","0.8359375"
"21260","0.9609375","0.9609375","0.9609375"
"21280","0.953125","0.953125","0.953125"
"21300","0.91796875","0.91796875","0.91796875"
"21320","0.8828125","0.8828125","0.8828125"
"21340","0.89453125","0.89453125","0.89453125"
"21360","0.90234375","0.90234375","0.90234375"
"21380","0.9140625","0.9140625","0.9140625"
"21400","0.9765625","0.9765625","0.9765625"
"21420","0.8828125","0.8828125","0.8828125"
"21440","0.8515625","0.8515625","0.8515625"
"21460","0.94921875","0.94921875","0.94921875"
"21480","0.890625","0.890625","0.890625"
"21500","0.92578125","0.92578125","0.92578125"
"21520","0.86328125","0.86328125","0.86328125"
"21540","0.8984375","0.8984375","0.8984375"
"21560","1.015625","1.015625","1.015625"
"21580","0.87109375","0.87109375","0.87109375"
"21600","0.859375","0.859375","0.859375"
"21620","0.8671875","0.8671875","0.8671875"
"21640","0.84375","0.84375","0.84375"
"21660","0.8984375","0.8984375","0.8984375"
"21680","0.9375","0.9375","0.9375"
"21700","0.81640625","0.81640625","0.81640625"
"21720","1","1","1"
"21740","0.859375","0.859375","0.859375"
"21760","0.94921875","0.94921875","0.94921875"
"21780","0.90234375","0.90234375","0.90234375"
"21800","0.9375","0.9375","0.9375"
"21820","0.90234375","0.90234375","0.90234375"
"21840","0.95703125","0.95703125","0.95703125"
"21860","0.88671875","0.88671875","0.88671875"
"21880","0.86328125","0.86328125","0.86328125"
"21900","0.9921875","0.9921875","0.9921875"
"21920","0.91796875","0.91796875","0.91796875"
"21940","1.078125","1.078125","1.078125"
"21960","0.8984375","0.8984375","0.8984375"
"21980","0.87890625","0.87890625","0.87890625"
"22000","0.9140625","0.9140625","0.9140625"
"22020","0.84375","0.84375","0.84375"
"22040","0.9609375","0.9609375","0.9609375"
"22060","1","1","1"
"22080","0.9375","0.9375","0.9375"
"22100","0.99609375","0.99609375","0.99609375"
"22120","0.921875","0.921875","0.921875"
"22140","0.953125","0.953125","0.953125"
"22160","1.015625","1.015625","1.015625"
"22180","1.1328125","1.1328125","1.1328125"
"22200","1.2109375","1.2109375","1.2109375"
"22220","1.0390625","1.0390625","1.0390625"
"22240","1.015625","1.015625","1.015625"
"22260","1.1484375","1.1484375","1.1484375"
"22280","1.265625","1.265625","1.265625"
"22300","1.0234375","1.0234375","1.0234375"
"22320","1.03125","1.03125","1.03125"
"22340","1.0703125","1.0703125","1.0703125"
"22360","1.125","1.125","1.125"
"22380","1.671875","1.671875","1.671875"
"22400","0.84375","0.84375","0.84375"
"22420","0.875","0.875","0.875"
"22440","0.96875","0.96875","0.96875"
"22460","0.98046875","0.98046875","0.98046875"
"22480","0.9453125","0.9453125","0.9453125"
"22500","0.90234375","0.90234375","0.90234375"
"22520","0.9921875","0.9921875","0.9921875"
"22540","1.046875","1.046875","1.046875"
"22560","0.9296875","0.9296875","0.9296875"
"22580","0.9453125","0.9453125","0.9453125"
"22600","0.87890625","0.87890625","0.87890625"
"22620","0.9609375","0.9609375","0.9609375"
"22640","0.8984375","0.8984375","0.8984375"
"22660","0.9765625","0.9765625","0.9765625"
"22680","0.90234375","0.90234375","0.90234375"
"22700","0.8515625","0.8515625","0.8515625"
"22720","0.95703125","0.95703125","0.95703125"
"22740","0.8515625","0.8515625","0.8515625"
"22760","0.8359375","0.8359375","0.8359375"
"22780","1.203125","1.203125","1.203125"
"22800","0.90625","0.90625","0.90625"
"22820","0.8359375","0.8359375","0.8359375"
"22840","0.8671875","0.8671875","0.8671875"
"22860","0.82421875","0.82421875","0.82421875"
"22880","0.8984375","0.8984375","0.8984375"
"22900","1.0078125","1.0078125","1.0078125"
"22920","0.921875","0.921875","0.921875"
"22940","0.9140625","0.9140625","0.9140625"
"22960","0.88671875","0.88671875","0.88671875"
"22980","0.9921875","0.9921875","0.9921875"
"23000","0.8359375","0.8359375","0.8359375"
"23020","0.859375","0.859375","0.859375"
"23040","0.9140625","0.9140625","0.9140625"
"23060","0.8515625","0.8515625","0.8515625"
"23080","0.8828125","0.8828125","0.8828125"
"23100","0.859375","0.859375","0.859375"
"23120","0.80859375","0.80859375","0.80859375"
"23140","0.90625","0.90625","0.90625"
"23160","0.9453125","0.9453125","0.9453125"
"23180","0.8046875","0.8046875","0.8046875"
"23200","0.81640625","0.81640625","0.81640625"
"23220","0.86328125","0.86328125","0.86328125"
"23240","0.9296875","0.9296875","0.9296875"
"23260","0.828125","0.828125","0.828125"
"23280","0.90625","0.90625","0.90625"
"23300","0.93359375","0.93359375","0.93359375"
"23320","0.80859375","0.80859375","0.80859375"
"23340","1.046875","1.046875","1.046875"
"23360","0.8203125","0.8203125","0.8203125"
"23380","0.8984375","0.8984375","0.8984375"
"23400","0.8203125","0.8203125","0.8203125"
"23420","0.8203125","0.8203125","0.8203125"
"23440","0.890625","0.890625","0.890625"
"23460","0.828125","0.828125","0.828125"
"23480","0.8671875","0.8671875","0.8671875"
"23500","0.83984375","0.83984375","0.83984375"
"23520","0.89453125","0.89453125","0.89453125"
"23540","0.9375","0.9375","0.9375"
"23560","0.91015625","0.91015625","0.91015625"
"23580","0.8515625","0.8515625","0.8515625"
"23600","0.83984375","0.83984375","0.83984375"
"23620","0.8359375","0.8359375","0.8359375"
"23640","0.87890625","0.87890625","0.87890625"
"23660","0.8046875","0.8046875","0.8046875"
"23680","0.90625","0.90625","0.90625"
"23700","0.85546875","0.85546875","0.85546875"
"23720","0.92578125","0.92578125","0.92578125"
"23740","0.84375","0.84375","0.84375"
"23760","0.78515625","0.78515625","0.78515625"
"23780","0.8671875","0.8671875","0.8671875"
"23800","0.8125","0.8125","0.8125"
"23820","0.91015625","0.91015625","0.91015625"
"23840","0.8359375","0.8359375","0.8359375"
"23860","0.828125","0.828125","0.828125"
"23880","0.8515625","0.8515625","0.8515625"
"23900","0.9375","0.9375","0.9375"
"23920","0.859375","0.859375","0.859375"
"23940","0.87890625","0.87890625","0.87890625"
"23960","0.8984375","0.8984375","0.8984375"
"23980","0.8828125","0.8828125","0.8828125"
"24000","0.828125","0.828125","0.828125"
"24020","0.87890625","0.87890625","0.87890625"
"24040","0.859375","0.859375","0.859375"
"24060","0.87109375","0.87109375","0.87109375"
"24080","0.8671875","0.8671875","0.8671875"
"24100","0.984375","0.984375","0.984375"
"24120","1.0078125","1.0078125","1.0078125"
"24140","0.859375","0.859375","0.859375"
"24160","0.953125","0.953125","0.953125"
"24180","0.9140625","0.9140625","0.9140625"
"24200","1.21875","1.21875","1.21875"
"24220","1.5","1.5","1.5"
"24240","1.046875","1.046875","1.046875"
"24260","1.1171875","1.1171875","1.1171875"
"24280","1.140625","1.140625","1.140625"
"24300","1.1640625","1.1640625","1.1640625"
"24320","1.4140625","1.4140625","1.4140625"
"24340","0.953125","0.953125","0.953125"
"24360","0.88671875","0.88671875","0.88671875"
"24380","1.1875","1.1875","1.1875"
"24400","1.0078125","1.0078125","1.0078125"
"24420","1.015625","1.015625","1.015625"
"24440","1.03125","1.03125","1.03125"
"24460","1.0703125","1.0703125","1.0703125"
"24480","0.98828125","0.98828125","0.98828125"
"24500","1.2734375","1.2734375","1.2734375"
"24520","1.078125","1.078125","1.078125"
"24540","0.9140625","0.9140625","0.9140625"
"24560","0.953125","0.953125","0.953125"
"24580","0.94140625","0.94140625","0.94140625"
"24600","0.828125","0.828125","0.828125"
"24620","1.0078125","1.0078125","1.0078125"
"24640","0.91796875","0.91796875","0.91796875"
"24660","0.90625","0.90625","0.90625"
"24680","1.046875","1.046875","1.046875"
"24700","1.2109375","1.2109375","1.2109375"
"24720","0.8828125","0.8828125","0.8828125"
"24740","0.88671875","0.88671875","0.88671875"
"24760","0.99609375","0.99609375","0.99609375"
"24780","1.6015625","1.6015625","1.6015625"
"24800","1.0234375","1.0234375","1.0234375"
"24820","1.25","1.25","1.25"
"24840","0.83984375","0.83984375","0.83984375"
"24860","0.828125","0.828125","0.828125"
"24880","0.8203125","0.8203125","0.8203125"
"24900","0.82421875","0.82421875","0.82421875"
"24920","0.90625","0.90625","0.90625"
"24940","0.8125","0.8125","0.8125"
"24960","0.84375","0.84375","0.84375"
"24980","0.90625","0.90625","0.90625"
"25000","0.86328125","0.86328125","0.86328125"
"25020","0.80078125","0.80078125","0.80078125"
"25040","0.859375","0.859375","0.859375"
"25060","0.84375","0.84375","0.84375"
"25080","0.796875","0.796875","0.796875"
"25100","7.375","7.375","7.375"
"25120","0.8125","0.8125","0.8125"
"25140","0.9453125","0.9453125","0.9453125"
"25160","0.90234375","0.90234375","0.90234375"
"25180","0.796875","0.796875","0.796875"
"25200","0.78125","0.78125","0.78125"
"25220","0.88671875","0.88671875","0.88671875"
"25240","0.8203125","0.8203125","0.8203125"
"25260","0.80078125","0.80078125","0.80078125"
"25280","0.9765625","0.9765625","0.9765625"
"25300","0.83203125","0.83203125","0.83203125"
"25320","0.953125","0.953125","0.953125"
"25340","0.859375","0.859375","0.859375"
"25360","0.84375","0.84375","0.84375"
"25380","0.828125","0.828125","0.828125"
"25400","0.8046875","0.8046875","0.8046875"
"25420","1.140625","1.140625","1.140625"
"25440","0.79296875","0.79296875","0.79296875"
"25460","0.921875","0.921875","0.921875"
"25480","0.9296875","0.9296875","0.9296875"
"25500","0.9296875","0.9296875","0.9296875"
"25520","0.83984375","0.83984375","0.83984375"
"25540","0.8046875","0.8046875","0.8046875"
"25560","0.765625","0.765625","0.765625"
"25580","0.765625","0.765625","0.765625"
"25600","0.84765625","0.84765625","0.84765625"
"25620","0.7890625","0.7890625","0.7890625"
"25640","0.7890625","0.7890625","0.7890625"
"25660","0.90625","0.90625","0.90625"
"25680","0.80859375","0.80859375","0.80859375"
"25700","0.765625","0.765625","0.765625"
"25720","0.86328125","0.86328125","0.86328125"
"25740","0.84765625","0.84765625","0.84765625"
"25760","0.796875","0.796875","0.796875"
"25780","0.80078125","0.80078125","0.80078125"
"25800","0.7890625","0.7890625","0.7890625"
"25820","0.76171875","0.76171875","0.76171875"
"25840","0.84375","0.84375","0.84375"
"25860","0.828125","0.828125","0.828125"
"25880","0.890625","0.890625","0.890625"
"25900","0.828125","0.828125","0.828125"
"25920","0.87109375","0.87109375","0.87109375"
"25940","0.796875","0.796875","0.796875"
"25960","0.8203125","0.8203125","0.8203125"
"25980","0.90625","0.90625","0.90625"
"26000","1.0234375","1.0234375","1.0234375"
"26020","0.7890625","0.7890625","0.7890625"
"26040","0.8125","0.8125","0.8125"
"26060","0.87890625","0.87890625","0.87890625"
"26080","0.78125","0.78125","0.78125"
"26100","0.83984375","0.83984375","0.83984375"
"26120","0.7734375","0.7734375","0.7734375"
"26140","0.8046875","0.8046875","0.8046875"
"26160","1","1","1"
"26180","1.1015625","1.1015625","1.1015625"
"26200","0.9140625","0.9140625","0.9140625"
"26220","1.0234375","1.0234375","1.0234375"
"26240","1.0234375","1.0234375","1.0234375"
"26260","1.296875","1.296875","1.296875"
"26280","0.9453125","0.9453125","0.9453125"
"26300","1.171875","1.171875","1.171875"
"26320","1.0234375","1.0234375","1.0234375"
"26340","1.59375","1.59375","1.59375"
"26360","0.95703125","0.95703125","0.95703125"
"26380","0.90625","0.90625","0.90625"
"26400","1.09375","1.09375","1.09375"
"26420","0.8828125","0.8828125","0.8828125"
"26440","1.03125","1.03125","1.03125"
"26460","1.0546875","1.0546875","1.0546875"
"26480","1.125","1.125","1.125"
"26500","0.85546875","0.85546875","0.85546875"
"26520","0.84375","0.84375","0.84375"
"26540","0.85546875","0.85546875","0.85546875"
"26560","0.83984375","0.83984375","0.83984375"
"26580","1.078125","1.078125","1.078125"
"26600","0.86328125","0.86328125","0.86328125"
"26620","0.83203125","0.83203125","0.83203125"
"26640","0.87890625","0.87890625","0.87890625"
"26660","1.09375","1.09375","1.09375"
"26680","0.8359375","0.8359375","0.8359375"
"26700","0.8203125","0.8203125","0.8203125"
"26720","0.875","0.875","0.875"
"26740","0.8203125","0.8203125","0.8203125"
"26760","0.8359375","0.8359375","0.8359375"
"26780","0.80078125","0.80078125","0.80078125"
"26800","0.83203125","0.83203125","0.83203125"
"26820","0.91796875","0.91796875","0.91796875"
"26840","0.96484375","0.96484375","0.96484375"
"26860","0.8515625","0.8515625","0.8515625"
"26880","0.875","0.875","0.875"
"26900","1.0078125","1.0078125","1.0078125"
"26920","0.91015625","0.91015625","0.91015625"
"26940","0.8125","0.8125","0.8125"
"26960","0.890625","0.890625","0.890625"
"26980","0.78125","0.78125","0.78125"
"27000","0.8203125","0.8203125","0.8203125"
"27020","0.7890625","0.7890625","0.7890625"
"27040","0.78515625","0.78515625","0.78515625"
"27060","0.84375","0.84375","0.84375"
"27080","0.828125","0.828125","0.828125"
"27100","0.76953125","0.76953125","0.76953125"
"27120","0.875","0.875","0.875"
"27140","0.7578125","0.7578125","0.7578125"
"27160","0.8046875","0.8046875","0.8046875"
"27180","0.8671875","0.8671875","0.8671875"
"27200","0.921875","0.921875","0.921875"
"27220","0.79296875","0.79296875","0.79296875"
"27240","0.875","0.875","0.875"
"27260","0.8203125","0.8203125","0.8203125"
"27280","0.8046875","0.8046875","0.8046875"
"27300","0.828125","0.828125","0.828125"
"27320","0.796875","0.796875","0.796875"
"27340","0.8125","0.8125","0.8125"
"27360","0.82421875","0.82421875","0.82421875"
"27380","0.88671875","0.88671875","0.88671875"
"27400","0.8359375","0.8359375","0.8359375"
"27420","0.7890625","0.7890625","0.7890625"
"27440","0.7734375","0.7734375","0.7734375"
"27460","0.83203125","0.83203125","0.83203125"
"27480","0.890625","0.890625","0.890625"
"27500","0.79296875","0.79296875","0.79296875"
"27520","0.828125","0.828125","0.828125"
"27540","0.890625","0.890625","0.890625"
"27560","1.1328125","1.1328125","1.1328125"
"27580","0.8203125","0.8203125","0.8203125"
"27600","1.0390625","1.0390625","1.0390625"
"27620","0.765625","0.765625","0.765625"
"27640","0.87890625","0.87890625","0.87890625"
"27660","0.93359375","0.93359375","0.93359375"
"27680","0.73828125","0.73828125","0.73828125"
"27700","0.7578125","0.7578125","0.7578125"
"27720","0.83203125","0.83203125","0.83203125"
"27740","0.79296875","0.79296875","0.79296875"
"27760","0.93359375","0.93359375","0.93359375"
"27780","0.93359375","0.93359375","0.93359375"
"27800","0.9140625","0.9140625","0.9140625"
"27820","0.76953125","0.76953125","0.76953125"
"27840","0.76171875","0.76171875","0.76171875"
"27860","0.8515625","0.8515625","0.8515625"
"27880","0.9140625","0.9140625","0.9140625"
"27900","0.80859375","0.80859375","0.80859375"
"27920","0.80078125","0.80078125","0.80078125"
"27940","0.84375","0.84375","0.84375"
"27960","0.78515625","0.78515625","0.78515625"
"27980","0.765625","0.765625","0.765625"
"28000","0.80859375","0.80859375","0.80859375"
"28020","0.83984375","0.83984375","0.83984375"
"28040","0.84765625","0.84765625","0.84765625"
"28060","0.75","0.75","0.75"
"28080","0.8671875","0.8671875","0.8671875"
"28100","0.859375","0.859375","0.859375"
"28120","0.83984375","0.83984375","0.83984375"
"28140","0.85546875","0.85546875","0.85546875"
"28160","0.79296875","0.79296875","0.79296875"
"28180","1.109375","1.109375","1.109375"
"28200","2.390625","2.390625","2.390625"
"28220","1.0625","1.0625","1.0625"
"28240","1.125","1.125","1.125"
"28260","1.6484375","1.6484375","1.6484375"
"28280","1.09375","1.09375","1.09375"
"28300","0.91796875","0.91796875","0.91796875"
"28320","1","1","1"
"28340","0.9921875","0.9921875","0.9921875"
"28360","0.984375","0.984375","0.984375"
"28380","0.99609375","0.99609375","0.99609375"
"28400","1.125","1.125","1.125"
"28420","0.96875","0.96875","0.96875"
"28440","0.9453125","0.9453125","0.9453125"
"28460","0.7734375","0.7734375","0.7734375"
"28480","0.7890625","0.7890625","0.7890625"
"28500","0.8046875","0.8046875","0.8046875"
"28520","0.9765625","0.9765625","0.9765625"
"28540","0.8046875","0.8046875","0.8046875"
"28560","1.046875","1.046875","1.046875"
"28580","0.765625","0.765625","0.765625"
"28600","0.91015625","0.91015625","0.91015625"
"28620","0.984375","0.984375","0.984375"
"28640","0.8359375","0.8359375","0.8359375"
"28660","0.765625","0.765625","0.765625"
"28680","0.828125","0.828125","0.828125"
"28700","0.76953125","0.76953125","0.76953125"
"28720","0.921875","0.921875","0.921875"
"28740","0.8515625","0.8515625","0.8515625"
"28760","0.87890625","0.87890625","0.87890625"
"28780","0.890625","0.890625","0.890625"
"28800","0.80078125","0.80078125","0.80078125"
"28820","0.79296875","0.79296875","0.79296875"
"28840","0.87109375","0.87109375","0.87109375"
"28860","0.78515625","0.78515625","0.78515625"
"28880","0.77734375","0.77734375","0.77734375"
"28900","0.828125","0.828125","0.828125"
"28920","0.8359375","0.8359375","0.8359375"
"28940","0.7578125","0.7578125","0.7578125"
"28960","0.8046875","0.8046875","0.8046875"
"28980","0.80859375","0.80859375","0.80859375"
"29000","0.84375","0.84375","0.84375"
"29020","0.8359375","0.8359375","0.8359375"
"29040","0.765625","0.765625","0.765625"
"29060","0.8203125","0.8203125","0.8203125"
"29080","0.90234375","0.90234375","0.90234375"
"29100","0.8046875","0.8046875","0.8046875"
"29120","0.828125","0.828125","0.828125"
"29140","0.796875","0.796875","0.796875"
"29160","0.8046875","0.8046875","0.8046875"
"29180","0.8359375","0.8359375","0.8359375"
"29200","0.90234375","0.90234375","0.90234375"
"29220","0.82421875","0.82421875","0.82421875"
"29240","1.0625","1.0625","1.0625"
"29260","0.7734375","0.7734375","0.7734375"
"29280","0.8203125","0.8203125","0.8203125"
"29300","0.76953125","0.76953125","0.76953125"
"29320","0.76953125","0.76953125","0.76953125"
"29340","0.7578125","0.7578125","0.7578125"
"29360","0.8046875","0.8046875","0.8046875"
"29380","0.859375","0.859375","0.859375"
"29400","0.8359375","0.8359375","0.8359375"
"29420","0.765625","0.765625","0.765625"
"29440","0.72265625","0.72265625","0.72265625"
"29460","0.78515625","0.78515625","0.78515625"
"29480","0.78515625","0.78515625","0.78515625"
"29500","0.88671875","0.88671875","0.88671875"
"29520","0.7890625","0.7890625","0.7890625"
"29540","0.8984375","0.8984375","0.8984375"
"29560","0.8046875","0.8046875","0.8046875"
"29580","0.8125","0.8125","0.8125"
"29600","0.8046875","0.8046875","0.8046875"
"29620","0.765625","0.765625","0.765625"
"29640","0.76171875","0.76171875","0.76171875"
"29660","0.80859375","0.80859375","0.80859375"
"29680","0.87890625","0.87890625","0.87890625"
"29700","0.7421875","0.7421875","0.7421875"
"29720","0.765625","0.765625","0.765625"
"29740","0.78515625","0.78515625","0.78515625"
"29760","0.7578125","0.7578125","0.7578125"
"29780","0.84765625","0.84765625","0.84765625"
"29800","0.91015625","0.91015625","0.91015625"
"29820","0.83984375","0.83984375","0.83984375"
"29840","0.78125","0.78125","0.78125"
"29860","0.76171875","0.76171875","0.76171875"
"29880","0.7265625","0.7265625","0.7265625"
"29900","0.78515625","0.78515625","0.78515625"
"29920","0.82421875","0.82421875","0.82421875"
"29940","0.76171875","0.76171875","0.76171875"
"29960","0.7578125","0.7578125","0.7578125"
"29980","0.75","0.75","0.75"
"30000","0.7421875","0.7421875","0.7421875"
"30020","0.7890625","0.7890625","0.7890625"
"30040","0.875","0.875","0.875"
"30060","0.79296875","0.79296875","0.79296875"
"30080","0.8125","0.8125","0.8125"
"30100","0.84375","0.84375","0.84375"
"30120","0.78125","0.78125","0.78125"
"30140","0.7734375","0.7734375","0.7734375"
"30160","0.91015625","0.91015625","0.91015625"
"30180","0.88671875","0.88671875","0.88671875"
"30200","0.80078125","0.80078125","0.80078125"
"30220","0.875","0.875","0.875"
"30240","1.046875","1.046875","1.046875"
"30260","1.84375","1.84375","1.84375"
"30280","0.83984375","0.83984375","0.83984375"
"30300","0.90625","0.90625","0.90625"
"30320","0.8515625","0.8515625","0.8515625"
"30340","1.1640625","1.1640625","1.1640625"
"30360","0.95703125","0.95703125","0.95703125"
"30380","1.078125","1.078125","1.078125"
"30400","0.78125","0.78125","0.78125"
"30420","0.80859375","0.80859375","0.80859375"
"30440","0.921875","0.921875","0.921875"
"30460","0.9453125","0.9453125","0.9453125"
"30480","0.9453125","0.9453125","0.9453125"
"30500","0.796875","0.796875","0.796875"
"30520","0.81640625","0.81640625","0.81640625"
"30540","1.0390625","1.0390625","1.0390625"
"30560","0.80078125","0.80078125","0.80078125"
"30580","0.859375","0.859375","0.859375"
"30600","0.859375","0.859375","0.859375"
"30620","0.83203125","0.83203125","0.83203125"
"30640","0.7578125","0.7578125","0.7578125"
"30660","0.8203125","0.8203125","0.8203125"
"30680","0.8203125","0.8203125","0.8203125"
"30700","0.8671875","0.8671875","0.8671875"
"30720","0.8203125","0.8203125","0.8203125"
"30740","0.796875","0.796875","0.796875"
"30760","0.8203125","0.8203125","0.8203125"
"30780","0.85546875","0.85546875","0.85546875"
"30800","0.7578125","0.7578125","0.7578125"
"30820","0.859375","0.859375","0.859375"
"30840","0.8046875","0.8046875","0.8046875"
"30860","0.8359375","0.8359375","0.8359375"
"30880","0.75390625","0.75390625","0.75390625"
"30900","0.78125","0.78125","0.78125"
"30920","0.76953125","0.76953125","0.76953125"
"30940","0.92578125","0.92578125","0.92578125"
"30960","0.90625","0.90625","0.90625"
"30980","0.7734375","0.7734375","0.7734375"
"31000","0.73828125","0.73828125","0.73828125"
"31020","0.75","0.75","0.75"
"31040","0.88671875","0.88671875","0.88671875"
"31060","0.77734375","0.77734375","0.77734375"
"31080","0.97265625","0.97265625","0.97265625"
"31100","0.79296875","0.79296875","0.79296875"
"31120","0.90625","0.90625","0.90625"
"31140","0.91796875","0.91796875","0.91796875"
"31160","0.8515625","0.8515625","0.8515625"
"31180","0.734375","0.734375","0.734375"
"31200","0.8203125","0.8203125","0.8203125"
"31220","0.84765625","0.84765625","0.84765625"
"31240","0.73046875","0.73046875","0.73046875"
"31260","0.984375","0.984375","0.984375"
"31280","0.734375","0.734375","0.734375"
"31300","0.76171875","0.76171875","0.76171875"
"31320","0.875","0.875","0.875"
"31340","0.75390625","0.75390625","0.75390625"
"31360","0.8359375","0.8359375","0.8359375"
"31380","0.8515625","0.8515625","0.8515625"
"31400","0.7421875","0.7421875","0.7421875"
"31420","0.875","0.875","0.875"
"31440","0.765625","0.765625","0.765625"
"31460","0.75","0.75","0.75"
"31480","0.89453125","0.89453125","0.89453125"
"31500","0.8046875","0.8046875","0.8046875"
"31520","0.7890625","0.7890625","0.7890625"
"31540","0.7265625","0.7265625","0.7265625"
"31560","0.796875","0.796875","0.796875"
"31580","0.8125","0.8125","0.8125"
"31600","0.7890625","0.7890625","0.7890625"
"31620","0.765625","0.765625","0.765625"
"31640","0.73046875","0.73046875","0.73046875"
"31660","0.80859375","0.80859375","0.80859375"
"31680","0.796875","0.796875","0.796875"
"31700","0.94921875","0.94921875","0.94921875"
"31720","0.7734375","0.7734375","0.7734375"
"31740","0.703125","0.703125","0.703125"
"31760","0.74609375","0.74609375","0.74609375"
"31780","0.8828125","0.8828125","0.8828125"
"31800","0.72265625","0.72265625","0.72265625"
"31820","1.2109375","1.2109375","1.2109375"
"31840","0.71875","0.71875","0.71875"
"31860","0.8671875","0.8671875","0.8671875"
"31880","0.765625","0.765625","0.765625"
"31900","0.78125","0.78125","0.78125"
"31920","0.71875","0.71875","0.71875"
"31940","0.7421875","0.7421875","0.7421875"
"31960","0.76171875","0.76171875","0.76171875"
"31980","0.71484375","0.71484375","0.71484375"
"32000","0.82421875","0.82421875","0.82421875"
"32020","0.78125","0.78125","0.78125"
"32040","0.81640625","0.81640625","0.81640625"
"32060","0.7421875","0.7421875","0.7421875"
"32080","0.86328125","0.86328125","0.86328125"
"32100","0.9375","0.9375","0.9375"
"32120","0.859375","0.859375","0.859375"
"32140","0.7734375","0.7734375","0.7734375"
"32160","0.80859375","0.80859375","0.80859375"
"32180","0.8125","0.8125","0.8125"
"32200","1.2734375","1.2734375","1.2734375"
"32220","0.921875","0.921875","0.921875"
"32240","1.625","1.625","1.625"
"32260","1.171875","1.171875","1.171875"
"32280","1.5078125","1.5078125","1.5078125"
"32300","1.1171875","1.1171875","1.1171875"
"32320","0.9375","0.9375","0.9375"
"32340","0.828125","0.828125","0.828125"
"32360","1.453125","1.453125","1.453125"
"32380","0.84765625","0.84765625","0.84765625"
"32400","1.015625","1.015625","1.015625"
"32420","0.875","0.875","0.875"
"32440","0.828125","0.828125","0.828125"
"32460","0.7578125","0.7578125","0.7578125"
"32480","0.828125","0.828125","0.828125"
"32500","0.84375","0.84375","0.84375"
"32520","0.80078125","0.80078125","0.80078125"
"32540","0.828125","0.828125","0.828125"
"32560","1.0625","1.0625","1.0625"
"32580","0.90625","0.90625","0.90625"
"32600","0.9609375","0.9609375","0.9609375"
"32620","0.76953125","0.76953125","0.76953125"
"32640","0.7578125","0.7578125","0.7578125"
"32660","0.875","0.875","0.875"
"32680","0.828125","0.828125","0.828125"
"32700","0.90234375","0.90234375","0.90234375"
"32720","0.7109375","0.7109375","0.7109375"
"32740","0.765625","0.765625","0.765625"
"32760","0.8984375","0.8984375","0.8984375"
"32780","0.72265625","0.72265625","0.72265625"
"32800","0.80078125","0.80078125","0.80078125"
"32820","0.7578125","0.7578125","0.7578125"
"32840","0.8515625","0.8515625","0.8515625"
"32860","0.796875","0.796875","0.796875"
"32880","0.86328125","0.86328125","0.86328125"
"32900","0.796875","0.796875","0.796875"
"32920","0.74609375","0.74609375","0.74609375"
"32940","0.8125","0.8125","0.8125"
"32960","0.734375","0.734375","0.734375"
"32980","0.80078125","0.80078125","0.80078125"
"33000","0.71875","0.71875","0.71875"
"33020","0.75","0.75","0.75"
"33040","0.7890625","0.7890625","0.7890625"
"33060","0.85546875","0.85546875","0.85546875"
"33080","0.765625","0.765625","0.765625"
"33100","0.796875","0.796875","0.796875"
"33120","0.75","0.75","0.75"
"33140","1.0703125","1.0703125","1.0703125"
"33160","0.73046875","0.73046875","0.73046875"
"33180","0.87890625","0.87890625","0.87890625"
"33200","0.7265625","0.7265625","0.7265625"
"33220","0.75390625","0.75390625","0.75390625"
"33240","1.4453125","1.4453125","1.4453125"
"33260","0.73046875","0.73046875","0.73046875"
"33280","0.7578125","0.7578125","0.7578125"
"33300","0.78515625","0.78515625","0.78515625"
"33320","0.75","0.75","0.75"
"33340","0.7421875","0.7421875","0.7421875"
"33360","0.75390625","0.75390625","0.75390625"
"33380","0.7421875","0.7421875","0.7421875"
"33400","0.7578125","0.7578125","0.7578125"
"33420","0.703125","0.703125","0.703125"
"33440","0.73828125","0.73828125","0.73828125"
"33460","0.8359375","0.8359375","0.8359375"
"33480","0.76953125","0.76953125","0.76953125"
"33500","0.70703125","0.70703125","0.70703125"
"33520","0.7265625","0.7265625","0.7265625"
"33540","0.70703125","0.70703125","0.70703125"
"33560","0.8046875","0.8046875","0.8046875"
"33580","0.9140625","0.9140625","0.9140625"
"33600","0.703125","0.703125","0.703125"
"33620","0.70703125","0.70703125","0.70703125"
"33640","0.70703125","0.70703125","0.70703125"
"33660","0.8515625","0.8515625","0.8515625"
"33680","0.71875","0.71875","0.71875"
"33700","0.87890625","0.87890625","0.87890625"
"33720","0.72265625","0.72265625","0.72265625"
"33740","0.7578125","0.7578125","0.7578125"
"33760","0.83203125","0.83203125","0.83203125"
"33780","0.7421875","0.7421875","0.7421875"
"33800","0.7578125","0.7578125","0.7578125"
"33820","0.8671875","0.8671875","0.8671875"
"33840","0.73828125","0.73828125","0.73828125"
"33860","0.80859375","0.80859375","0.80859375"
"33880","0.75","0.75","0.75"
"33900","0.765625","0.765625","0.765625"
"33920","0.765625","0.765625","0.765625"
"33940","0.8828125","0.8828125","0.8828125"
"33960","0.75390625","0.75390625","0.75390625"
"33980","0.69140625","0.69140625","0.69140625"
"34000","0.7734375","0.7734375","0.7734375"
"34020","0.7890625","0.7890625","0.7890625"
"34040","0.7578125","0.7578125","0.7578125"
"34060","0.703125","0.703125","0.703125"
"34080","0.75390625","0.75390625","0.75390625"
"34100","0.765625","0.765625","0.765625"
"34120","0.79296875","0.79296875","0.79296875"
"34140","0.765625","0.765625","0.765625"
"34160","0.83203125","0.83203125","0.83203125"
"34180","0.80078125","0.80078125","0.80078125"
"34200","0.8359375","0.8359375","0.8359375"
"34220","0.83984375","0.83984375","0.83984375"
"34240","0.78125","0.78125","0.78125"
"34260","1.4375","1.4375","1.4375"
"34280","0.828125","0.828125","0.828125"
"34300","0.91015625","0.91015625","0.91015625"
"34320","0.79296875","0.79296875","0.79296875"
"34340","0.859375","0.859375","0.859375"
"34360","0.8046875","0.8046875","0.8046875"
"34380","1.625","1.625","1.625"
"34400","0.9296875","0.9296875","0.9296875"
"34420","0.80859375","0.80859375","0.80859375"
"34440","0.8671875","0.8671875","0.8671875"
"34460","0.8203125","0.8203125","0.8203125"
"34480","0.80859375","0.80859375","0.80859375"
"34500","0.8046875","0.8046875","0.8046875"
"34520","0.8125","0.8125","0.8125"
"34540","0.875","0.875","0.875"
"34560","0.8671875","0.8671875","0.8671875"
"34580","0.8046875","0.8046875","0.8046875"
"34600","0.765625","0.765625","0.765625"
"34620","0.82421875","0.82421875","0.82421875"
"34640","0.75390625","0.75390625","0.75390625"
"34660","0.78125","0.78125","0.78125"
"34680","0.75","0.75","0.75"
"34700","0.75","0.75","0.75"
"34720","0.75390625","0.75390625","0.75390625"
"34740","0.859375","0.859375","0.859375"
"34760","0.78515625","0.78515625","0.78515625"
"34780","0.78125","0.78125","0.78125"
"34800","0.7578125","0.7578125","0.7578125"
"34820","0.7578125","0.7578125","0.7578125"
"34840","0.734375","0.734375","0.734375"
"34860","0.7578125","0.7578125","0.7578125"
"34880","1.09375","1.09375","1.09375"
"34900","0.8046875","0.8046875","0.8046875"
"34920","0.76953125","0.76953125","0.76953125"
"34940","0.8046875","0.8046875","0.8046875"
"34960","0.73828125","0.73828125","0.73828125"
"34980","0.765625","0.765625","0.765625"
"35000","0.796875","0.796875","0.796875"
"35020","0.859375","0.859375","0.859375"
"35040","0.72265625","0.72265625","0.72265625"
"35060","0.796875","0.796875","0.796875"
"35080","0.7578125","0.7578125","0.7578125"
"35100","0.890625","0.890625","0.890625"
"35120","0.7890625","0.7890625","0.7890625"
"35140","0.7578125","0.7578125","0.7578125"
"35160","0.7890625","0.7890625","0.7890625"
"35180","0.83203125","0.83203125","0.83203125"
"35200","0.71875","0.71875","0.71875"
"35220","0.73046875","0.73046875","0.73046875"
"35240","0.76953125","0.76953125","0.76953125"
"35260","0.8125","0.8125","0.8125"
"35280","0.75","0.75","0.75"
"35300","0.9140625","0.9140625","0.9140625"
"35320","0.77734375","0.77734375","0.77734375"
"35340","0.78125","0.78125","0.78125"
"35360","0.921875","0.921875","0.921875"
"35380","0.765625","0.765625","0.765625"
"35400","0.7890625","0.7890625","0.7890625"
"35420","0.71484375","0.71484375","0.71484375"
"35440","0.80078125","0.80078125","0.80078125"
"35460","0.71875","0.71875","0.71875"
"35480","0.86328125","0.86328125","0.86328125"
"35500","0.7109375","0.7109375","0.7109375"
"35520","0.75","0.75","0.75"
"35540","0.83984375","0.83984375","0.83984375"
"35560","0.79296875","0.79296875","0.79296875"
"35580","0.828125","0.828125","0.828125"
"35600","0.76171875","0.76171875","0.76171875"
"35620","0.8203125","0.8203125","0.8203125"
"35640","0.82421875","0.82421875","0.82421875"
"35660","0.71484375","0.71484375","0.71484375"
"35680","0.71875","0.71875","0.71875"
"35700","0.69140625","0.69140625","0.69140625"
"35720","0.734375","0.734375","0.734375"
"35740","0.734375","0.734375","0.734375"
"35760","0.8046875","0.8046875","0.8046875"
"35780","0.8125","0.8125","0.8125"
"35800","0.70703125","0.70703125","0.70703125"
"35820","0.7109375","0.7109375","0.7109375"
"35840","0.7890625","0.7890625","0.7890625"
"35860","0.74609375","0.74609375","0.74609375"
"35880","0.703125","0.703125","0.703125"
"35900","0.80859375","0.80859375","0.80859375"
"35920","0.84375","0.84375","0.84375"
"35940","0.8828125","0.8828125","0.8828125"
"35960","0.74609375","0.74609375","0.74609375"
"35980","0.69140625","0.69140625","0.69140625"
"36000","0.7265625","0.7265625","0.7265625"
"36020","0.71484375","0.71484375","0.71484375"
"36040","0.7578125","0.7578125","0.7578125"
"36060","0.7265625","0.7265625","0.7265625"
"36080","0.94140625","0.94140625","0.94140625"
"36100","0.8671875","0.8671875","0.8671875"
"36120","0.8046875","0.8046875","0.8046875"
"36140","0.79296875","0.79296875","0.79296875"
"36160","0.79296875","0.79296875","0.79296875"
"36180","0.80078125","0.80078125","0.80078125"
"36200","0.9609375","0.9609375","0.9609375"
"36220","1.0234375","1.0234375","1.0234375"
"36240","2.15625","2.15625","2.15625"
"36260","0.875","0.875","0.875"
"36280","1.171875","1.171875","1.171875"
"36300","1.0546875","1.0546875","1.0546875"
"36320","0.7890625","0.7890625","0.7890625"
"36340","0.78125","0.78125","0.78125"
"36360","1.0234375","1.0234375","1.0234375"
"36380","1.015625","1.015625","1.015625"
"36400","0.90234375","0.90234375","0.90234375"
"36420","0.76171875","0.76171875","0.76171875"
"36440","0.765625","0.765625","0.765625"
"36460","0.796875","0.796875","0.796875"
"36480","0.7890625","0.7890625","0.7890625"
"36500","0.78515625","0.78515625","0.78515625"
"36520","0.78125","0.78125","0.78125"
"36540","0.80078125","0.80078125","0.80078125"
"36560","1.171875","1.171875","1.171875"
"36580","0.8671875","0.8671875","0.8671875"
"36600","0.796875","0.796875","0.796875"
"36620","0.734375","0.734375","0.734375"
"36640","0.7890625","0.7890625","0.7890625"
"36660","0.86328125","0.86328125","0.86328125"
"36680","0.80078125","0.80078125","0.80078125"
"36700","0.796875","0.796875","0.796875"
"36720","0.7578125","0.7578125","0.7578125"
"36740","0.8359375","0.8359375","0.8359375"
"36760","0.7265625","0.7265625","0.7265625"
"36780","0.71875","0.71875","0.71875"
"36800","0.73828125","0.73828125","0.73828125"
"36820","0.8046875","0.8046875","0.8046875"
"36840","0.70703125","0.70703125","0.70703125"
"36860","0.734375","0.734375","0.734375"
"36880","0.69140625","0.69140625","0.69140625"
"36900","0.7890625","0.7890625","0.7890625"
"36920","0.88671875","0.88671875","0.88671875"
"36940","0.7109375","0.7109375","0.7109375"
"36960","0.7734375","0.7734375","0.7734375"
"36980","0.734375","0.734375","0.734375"
"37000","0.8125","0.8125","0.8125"
"37020","0.6953125","0.6953125","0.6953125"
"37040","1.0859375","1.0859375","1.0859375"
"37060","0.71875","0.71875","0.71875"
"37080","0.8359375","0.8359375","0.8359375"
"37100","0.74609375","0.74609375","0.74609375"
"37120","0.859375","0.859375","0.859375"
"37140","0.7890625","0.7890625","0.7890625"
"37160","0.80078125","0.80078125","0.80078125"
"37180","0.75","0.75","0.75"
"37200","0.7734375","0.7734375","0.7734375"
"37220","0.8359375","0.8359375","0.8359375"
"37240","0.76171875","0.76171875","0.76171875"
"37260","0.78515625","0.78515625","0.78515625"
"37280","0.84375","0.84375","0.84375"
"37300","0.8046875","0.8046875","0.8046875"
"37320","0.76953125","0.76953125","0.76953125"
"37340","0.75","0.75","0.75"
"37360","0.83984375","0.83984375","0.83984375"
"37380","0.70703125","0.70703125","0.70703125"
"37400","0.765625","0.765625","0.765625"
"37420","0.71875","0.71875","0.71875"
"37440","0.7890625","0.7890625","0.7890625"
"37460","0.796875","0.796875","0.796875"
"37480","0.7265625","0.7265625","0.7265625"
"37500","0.7265625","0.7265625","0.7265625"
"37520","1.0625","1.0625","1.0625"
"37540","0.99609375","0.99609375","0.99609375"
"37560","0.75","0.75","0.75"
"37580","0.73046875","0.73046875","0.73046875"
"37600","0.8359375","0.8359375","0.8359375"
"37620","0.75","0.75","0.75"
"37640","0.6796875","0.6796875","0.6796875"
"37660","0.73046875","0.73046875","0.73046875"
"37680","0.765625","0.765625","0.765625"
"37700","0.71875","0.71875","0.71875"
"37720","0.78125","0.78125","0.78125"
"37740","0.6953125","0.6953125","0.6953125"
"37760","0.8046875","0.8046875","0.8046875"
"37780","0.7578125","0.7578125","0.7578125"
"37800","0.73046875","0.73046875","0.73046875"
"37820","0.78125","0.78125","0.78125"
"37840","0.7421875","0.7421875","0.7421875"
"37860","0.7421875","0.7421875","0.7421875"
"37880","0.70703125","0.70703125","0.70703125"
"37900","0.7109375","0.7109375","0.7109375"
"37920","0.7109375","0.7109375","0.7109375"
"37940","0.73828125","0.73828125","0.73828125"
"37960","0.7578125","0.7578125","0.7578125"
"37980","0.7890625","0.7890625","0.7890625"
"38000","0.6953125","0.6953125","0.6953125"
"38020","0.7265625","0.7265625","0.7265625"
"38040","0.73828125","0.73828125","0.73828125"
"38060","0.703125","0.703125","0.703125"
"38080","0.71875","0.71875","0.71875"
"38100","0.8125","0.8125","0.8125"
"38120","0.796875","0.796875","0.796875"
"38140","0.7578125","0.7578125","0.7578125"
"38160","0.98828125","0.98828125","0.98828125"
"38180","0.8515625","0.8515625","0.8515625"
"38200","0.90625","0.90625","0.90625"
"38220","0.96875","0.96875","0.96875"
"38240","0.8359375","0.8359375","0.8359375"
"38260","1.140625","1.140625","1.140625"
"38280","0.93359375","0.93359375","0.93359375"
"38300","0.8203125","0.8203125","0.8203125"
"38320","0.75","0.75","0.75"
"38340","0.90234375","0.90234375","0.90234375"
"38360","0.875","0.875","0.875"
"38380","0.8671875","0.8671875","0.8671875"
"38400","0.7421875","0.7421875","0.7421875"
"38420","0.765625","0.765625","0.765625"
"38440","0.7734375","0.7734375","0.7734375"
"38460","0.796875","0.796875","0.796875"
"38480","0.78125","0.78125","0.78125"
"38500","0.7421875","0.7421875","0.7421875"
"38520","0.765625","0.765625","0.765625"
"38540","0.8046875","0.8046875","0.8046875"
"38560","0.9140625","0.9140625","0.9140625"
"38580","0.73828125","0.73828125","0.73828125"
"38600","0.7734375","0.7734375","0.7734375"
"38620","0.8046875","0.8046875","0.8046875"
"38640","0.80859375","0.80859375","0.80859375"
"38660","0.7109375","0.7109375","0.7109375"
"38680","0.7578125","0.7578125","0.7578125"
"38700","0.703125","0.703125","0.703125"
"38720","0.8046875","0.8046875","0.8046875"
"38740","0.7578125","0.7578125","0.7578125"
"38760","0.70703125","0.70703125","0.70703125"
"38780","0.7109375","0.7109375","0.7109375"
"38800","0.78515625","0.78515625","0.78515625"
"38820","0.9375","0.9375","0.9375"
"38840","0.78125","0.78125","0.78125"
"38860","0.68359375","0.68359375","0.68359375"
"38880","0.828125","0.828125","0.828125"
"38900","0.765625","0.765625","0.765625"
"38920","0.74609375","0.74609375","0.74609375"
"38940","0.8046875","0.8046875","0.8046875"
"38960","0.734375","0.734375","0.734375"
"38980","0.69140625","0.69140625","0.69140625"
"39000","0.734375","0.734375","0.734375"
"39020","0.83984375","0.83984375","0.83984375"
"39040","0.85546875","0.85546875","0.85546875"
"39060","0.70703125","0.70703125","0.70703125"
"39080","0.7734375","0.7734375","0.7734375"
"39100","0.67578125","0.67578125","0.67578125"
"39120","0.734375","0.734375","0.734375"
"39140","0.6875","0.6875","0.6875"
"39160","0.7421875","0.7421875","0.7421875"
"39180","0.76953125","0.76953125","0.76953125"
"39200","0.70703125","0.70703125","0.70703125"
"39220","0.67578125","0.67578125","0.67578125"
"39240","0.74609375","0.74609375","0.74609375"
"39260","0.73046875","0.73046875","0.73046875"
"39280","0.796875","0.796875","0.796875"
"39300","0.78125","0.78125","0.78125"
"39320","0.75","0.75","0.75"
"39340","0.7421875","0.7421875","0.7421875"
"39360","0.6796875","0.6796875","0.6796875"
"39380","0.77734375","0.77734375","0.77734375"
"39400","0.76953125","0.76953125","0.76953125"
"39420","0.78125","0.78125","0.78125"
"39440","0.76171875","0.76171875","0.76171875"
"39460","0.81640625","0.81640625","0.81640625"
"39480","0.69140625","0.69140625","0.69140625"
"39500","0.7265625","0.7265625","0.7265625"
"39520","0.765625","0.765625","0.765625"
"39540","0.6953125","0.6953125","0.6953125"
"39560","0.71875","0.71875","0.71875"
"39580","0.765625","0.765625","0.765625"
"39600","0.71875","0.71875","0.71875"
"39620","0.81640625","0.81640625","0.81640625"
"39640","0.765625","0.765625","0.765625"
"39660","0.71875","0.71875","0.71875"
"39680","0.69921875","0.69921875","0.69921875"
"39700","0.68359375","0.68359375","0.68359375"
"39720","0.6953125","0.6953125","0.6953125"
"39740","0.6953125","0.6953125","0.6953125"
"39760","0.73828125","0.73828125","0.73828125"
"39780","0.75","0.75","0.75"
"39800","0.6796875","0.6796875","0.6796875"
"39820","0.76953125","0.76953125","0.76953125"
"39840","0.7578125","0.7578125","0.7578125"
"39860","0.83203125","0.83203125","0.83203125"
"39880","0.70703125","0.70703125","0.70703125"
"39900","0.79296875","0.79296875","0.79296875"
"39920","0.734375","0.734375","0.734375"
"39940","0.77734375","0.77734375","0.77734375"
"39960","0.87109375","0.87109375","0.87109375"
"39980","0.73046875","0.73046875","0.73046875"
"40000","0.671875","0.671875","0.671875"
"40020","0.77734375","0.77734375","0.77734375"
"40040","0.703125","0.703125","0.703125"
"40060","0.6875","0.6875","0.6875"
"40080","0.8203125","0.8203125","0.8203125"
"40100","0.78125","0.78125","0.78125"
"40120","0.81640625","0.81640625","0.81640625"
"40140","0.765625","0.765625","0.765625"
"40160","0.71484375","0.71484375","0.71484375"
"40180","2.6875","2.6875","2.6875"
"40200","0.921875","0.921875","0.921875"
"40220","1.28125","1.28125","1.28125"
"40240","1.171875","1.171875","1.171875"
"40260","1.2421875","1.2421875","1.2421875"
"40280","0.8046875","0.8046875","0.8046875"
"40300","0.93359375","0.93359375","0.93359375"
"40320","0.94140625","0.94140625","0.94140625"
"40340","0.7890625","0.7890625","0.7890625"
"40360","0.79296875","0.79296875","0.79296875"
"40380","0.8828125","0.8828125","0.8828125"
"40400","1.03125","1.03125","1.03125"
"40420","0.6875","0.6875","0.6875"
"40440","0.9140625","0.9140625","0.9140625"
"40460","0.7734375","0.7734375","0.7734375"
"40480","0.734375","0.734375","0.734375"
"40500","0.74609375","0.74609375","0.74609375"
"40520","0.95703125","0.95703125","0.95703125"
"40540","0.828125","0.828125","0.828125"
"40560","0.8203125","0.8203125","0.8203125"
"40580","1","1","1"
"40600","0.765625","0.765625","0.765625"
"40620","0.8046875","0.8046875","0.8046875"
"40640","0.734375","0.734375","0.734375"
"40660","0.72265625","0.72265625","0.72265625"
"40680","0.7109375","0.7109375","0.7109375"
"40700","1.0625","1.0625","1.0625"
"40720","0.72265625","0.72265625","0.72265625"
"40740","0.703125","0.703125","0.703125"
"40760","0.7421875","0.7421875","0.7421875"
"40780","0.6796875","0.6796875","0.6796875"
"40800","0.703125","0.703125","0.703125"
"40820","0.84375","0.84375","0.84375"
"40840","0.75","0.75","0.75"
"40860","0.78125","0.78125","0.78125"
"40880","0.703125","0.703125","0.703125"
"40900","0.7890625","0.7890625","0.7890625"
"40920","0.68359375","0.68359375","0.68359375"
"40940","0.79296875","0.79296875","0.79296875"
"40960","0.73828125","0.73828125","0.73828125"
"40980","0.91796875","0.91796875","0.91796875"
"41000","0.79296875","0.79296875","0.79296875"
"41020","0.8125","0.8125","0.8125"
"41040","0.859375","0.859375","0.859375"
"41060","0.79296875","0.79296875","0.79296875"
"41080","0.75","0.75","0.75"
"41100","0.79296875","0.79296875","0.79296875"
"41120","0.67578125","0.67578125","0.67578125"
"41140","0.73828125","0.73828125","0.73828125"
"41160","0.6875","0.6875","0.6875"
"41180","0.7890625","0.7890625","0.7890625"
"41200","0.8046875","0.8046875","0.8046875"
"41220","0.6875","0.6875","0.6875"
"41240","0.67578125","0.67578125","0.67578125"
"41260","0.7734375","0.7734375","0.7734375"
"41280","0.71484375","0.71484375","0.71484375"
"41300","0.71484375","0.71484375","0.71484375"
"41320","0.8359375","0.8359375","0.8359375"
"41340","0.83984375","0.83984375","0.83984375"
"41360","0.8515625","0.8515625","0.8515625"
"41380","0.7734375","0.7734375","0.7734375"
"41400","0.70703125","0.70703125","0.70703125"
"41420","0.84375","0.84375","0.84375"
"41440","0.76953125","0.76953125","0.76953125"
"41460","0.7421875","0.7421875","0.7421875"
"41480","0.734375","0.734375","0.734375"
"41500","0.73828125","0.73828125","0.73828125"
"41520","0.72265625","0.72265625","0.72265625"
"41540","0.6640625","0.6640625","0.6640625"
"41560","0.74609375","0.74609375","0.74609375"
"41580","0.6875","0.6875","0.6875"
"41600","0.828125","0.828125","0.828125"
"41620","0.8046875","0.8046875","0.8046875"
"41640","0.67578125","0.67578125","0.67578125"
"41660","0.67578125","0.67578125","0.67578125"
"41680","0.66015625","0.66015625","0.66015625"
"41700","0.71875","0.71875","0.71875"
"41720","0.67578125","0.67578125","0.67578125"
"41740","0.6953125","0.6953125","0.6953125"
"41760","0.7265625","0.7265625","0.7265625"
"41780","0.7265625","0.7265625","0.7265625"
"41800","0.7421875","0.7421875","0.7421875"
"41820","0.70703125","0.70703125","0.70703125"
"41840","0.703125","0.703125","0.703125"
"41860","0.73046875","0.73046875","0.73046875"
"41880","0.67578125","0.67578125","0.67578125"
"41900","0.75390625","0.75390625","0.75390625"
"41920","0.703125","0.703125","0.703125"
"41940","0.703125","0.703125","0.703125"
"41960","0.734375","0.734375","0.734375"
"41980","0.703125","0.703125","0.703125"