"Step","tpu-v4-spmd-resumed-0 - train/delta_cos_l40_t23","tpu-v4-spmd-resumed-0 - train/delta_cos_l40_t23__MIN","tpu-v4-spmd-resumed-0 - train/delta_cos_l40_t23__MAX"
"20","0.0439453125","0.0439453125","0.0439453125"
"40","-0.08056640625","-0.08056640625","-0.08056640625"
"60","-0.052490234375","-0.052490234375","-0.052490234375"
"80","-0.01513671875","-0.01513671875","-0.01513671875"
"100","-0.04296875","-0.04296875","-0.04296875"
"120","-0.003204345703125","-0.003204345703125","-0.003204345703125"
"140","-0.017578125","-0.017578125","-0.017578125"
"160","0.08642578125","0.08642578125","0.08642578125"
"180","0.032470703125","0.032470703125","0.032470703125"
"200","0.021484375","0.021484375","0.021484375"
"220","-0.05908203125","-0.05908203125","-0.05908203125"
"240","0.04345703125","0.04345703125","0.04345703125"
"260","-0.003997802734375","-0.003997802734375","-0.003997802734375"
"280","0.0068359375","0.0068359375","0.0068359375"
"300","-0.00042724609375","-0.00042724609375","-0.00042724609375"
"320","-0.0208740234375","-0.0208740234375","-0.0208740234375"
"340","-0.001678466796875","-0.001678466796875","-0.001678466796875"
"360","-0.0286865234375","-0.0286865234375","-0.0286865234375"
"380","-0.0087890625","-0.0087890625","-0.0087890625"
"400","0.016357421875","0.016357421875","0.016357421875"
"420","0.01251220703125","0.01251220703125","0.01251220703125"
"440","0.003265380859375","0.003265380859375","0.003265380859375"
"460","0.020751953125","0.020751953125","0.020751953125"
"480","0.044677734375","0.044677734375","0.044677734375"
"500","0.03662109375","0.03662109375","0.03662109375"
"520","0.017578125","0.017578125","0.017578125"
"540","-0.01611328125","-0.01611328125","-0.01611328125"
"560","0.00390625","0.00390625","0.00390625"
"580","0.0216064453125","0.0216064453125","0.0216064453125"
"600","0.01904296875","0.01904296875","0.01904296875"
"620","-0.0166015625","-0.0166015625","-0.0166015625"
"640","0.052001953125","0.052001953125","0.052001953125"
"660","-0.0019989013671875","-0.0019989013671875","-0.0019989013671875"
"680","0.0576171875","0.0576171875","0.0576171875"
"700","0.0302734375","0.0302734375","0.0302734375"
"720","0.048828125","0.048828125","0.048828125"
"740","0.0059814453125","0.0059814453125","0.0059814453125"
"760","0.0296630859375","0.0296630859375","0.0296630859375"
"780","0.01190185546875","0.01190185546875","0.01190185546875"
"800","0.04833984375","0.04833984375","0.04833984375"
"820","0.033935546875","0.033935546875","0.033935546875"
"840","0.060546875","0.060546875","0.060546875"
"860","0.00665283203125","0.00665283203125","0.00665283203125"
"880","0.125","0.125","0.125"
"900","0.1162109375","0.1162109375","0.1162109375"
"920","0.006591796875","0.006591796875","0.006591796875"
"940","0.0299072265625","0.0299072265625","0.0299072265625"
"960","0.123046875","0.123046875","0.123046875"
"980","0.08740234375","0.08740234375","0.08740234375"
"1000","0.11328125","0.11328125","0.11328125"
"1020","0.126953125","0.126953125","0.126953125"
"1040","0.09228515625","0.09228515625","0.09228515625"
"1060","0.058349609375","0.058349609375","0.058349609375"
"1080","0.08154296875","0.08154296875","0.08154296875"
"1100","0.1572265625","0.1572265625","0.1572265625"
"1120","0.1083984375","0.1083984375","0.1083984375"
"1140","0.08984375","0.08984375","0.08984375"
"1160","0.0908203125","0.0908203125","0.0908203125"
"1180","0.181640625","0.181640625","0.181640625"
"1200","0.034423828125","0.034423828125","0.034423828125"
"1220","0.1220703125","0.1220703125","0.1220703125"
"1240","0.107421875","0.107421875","0.107421875"
"1260","0.20703125","0.20703125","0.20703125"
"1280","0.123046875","0.123046875","0.123046875"
"1300","0.09423828125","0.09423828125","0.09423828125"
"1320","0.236328125","0.236328125","0.236328125"
"1340","0.037109375","0.037109375","0.037109375"
"1360","0.09912109375","0.09912109375","0.09912109375"
"1380","0.224609375","0.224609375","0.224609375"
"1400","0.15234375","0.15234375","0.15234375"
"1420","0.07958984375","0.07958984375","0.07958984375"
"1440","0.0458984375","0.0458984375","0.0458984375"
"1460","0.2177734375","0.2177734375","0.2177734375"
"1480","0.1318359375","0.1318359375","0.1318359375"
"1500","0.2158203125","0.2158203125","0.2158203125"
"1520","0.1640625","0.1640625","0.1640625"
"1540","0.1484375","0.1484375","0.1484375"
"1560","0.21484375","0.21484375","0.21484375"
"1580","0.232421875","0.232421875","0.232421875"
"1600","0.07080078125","0.07080078125","0.07080078125"
"1620","0.150390625","0.150390625","0.150390625"
"1640","0.1474609375","0.1474609375","0.1474609375"
"1660","0.0732421875","0.0732421875","0.0732421875"
"1680","0.166015625","0.166015625","0.166015625"
"1700","0.13671875","0.13671875","0.13671875"
"1720","0.099609375","0.099609375","0.099609375"
"1740","0.1650390625","0.1650390625","0.1650390625"
"1760","0.177734375","0.177734375","0.177734375"
"1780","0.171875","0.171875","0.171875"
"1800","0.1728515625","0.1728515625","0.1728515625"
"1820","0.09765625","0.09765625","0.09765625"
"1840","0.07763671875","0.07763671875","0.07763671875"
"1860","0.06494140625","0.06494140625","0.06494140625"
"1880","0.18359375","0.18359375","0.18359375"
"1900","0.1640625","0.1640625","0.1640625"
"1920","0.1865234375","0.1865234375","0.1865234375"
"1940","0.04736328125","0.04736328125","0.04736328125"
"1960","0.23828125","0.23828125","0.23828125"
"1980","0.181640625","0.181640625","0.181640625"
"2000","0.203125","0.203125","0.203125"
"2020","0.10400390625","0.10400390625","0.10400390625"
"2040","0.2080078125","0.2080078125","0.2080078125"
"2060","0.1494140625","0.1494140625","0.1494140625"
"2080","0.158203125","0.158203125","0.158203125"
"2100","0.154296875","0.154296875","0.154296875"
"2120","0.271484375","0.271484375","0.271484375"
"2140","0.21875","0.21875","0.21875"
"2160","0.291015625","0.291015625","0.291015625"
"2180","0.1572265625","0.1572265625","0.1572265625"
"2200","0.1953125","0.1953125","0.1953125"
"2220","0.23046875","0.23046875","0.23046875"
"2240","0.244140625","0.244140625","0.244140625"
"2260","0.05712890625","0.05712890625","0.05712890625"
"2280","0.203125","0.203125","0.203125"
"2300","0.294921875","0.294921875","0.294921875"
"2320","0.1884765625","0.1884765625","0.1884765625"
"2340","0.29296875","0.29296875","0.29296875"
"2360","0.1171875","0.1171875","0.1171875"
"2380","0.166015625","0.166015625","0.166015625"
"2400","0.26171875","0.26171875","0.26171875"
"2420","0.2041015625","0.2041015625","0.2041015625"
"2440","0.232421875","0.232421875","0.232421875"
"2460","0.1806640625","0.1806640625","0.1806640625"
"2480","0.240234375","0.240234375","0.240234375"
"2500","0.287109375","0.287109375","0.287109375"
"2520","0.30078125","0.30078125","0.30078125"
"2540","0.2119140625","0.2119140625","0.2119140625"
"2560","0.248046875","0.248046875","0.248046875"
"2580","0.28515625","0.28515625","0.28515625"
"2600","0.29296875","0.29296875","0.29296875"
"2620","0.26953125","0.26953125","0.26953125"
"2640","0.326171875","0.326171875","0.326171875"
"2660","0.287109375","0.287109375","0.287109375"
"2680","0.36328125","0.36328125","0.36328125"
"2700","0.181640625","0.181640625","0.181640625"
"2720","0.201171875","0.201171875","0.201171875"
"2740","0.373046875","0.373046875","0.373046875"
"2760","0.33984375","0.33984375","0.33984375"
"2780","0.375","0.375","0.375"
"2800","0.263671875","0.263671875","0.263671875"
"2820","0.27734375","0.27734375","0.27734375"
"2840","0.228515625","0.228515625","0.228515625"
"2860","0.2392578125","0.2392578125","0.2392578125"
"2880","0.35546875","0.35546875","0.35546875"
"2900","0.3203125","0.3203125","0.3203125"
"2920","0.283203125","0.283203125","0.283203125"
"2940","0.208984375","0.208984375","0.208984375"
"2960","0.41015625","0.41015625","0.41015625"
"2980","0.2109375","0.2109375","0.2109375"
"3000","0.3125","0.3125","0.3125"
"3020","0.42578125","0.42578125","0.42578125"
"3040","0.32421875","0.32421875","0.32421875"
"3060","0.146484375","0.146484375","0.146484375"
"3080","0.283203125","0.283203125","0.283203125"
"3100","0.224609375","0.224609375","0.224609375"
"3120","0.36328125","0.36328125","0.36328125"
"3140","0.1884765625","0.1884765625","0.1884765625"
"3160","0.3359375","0.3359375","0.3359375"
"3180","0.41015625","0.41015625","0.41015625"
"3200","0.26953125","0.26953125","0.26953125"
"3220","0.40625","0.40625","0.40625"
"3240","0.1953125","0.1953125","0.1953125"
"3260","0.44921875","0.44921875","0.44921875"
"3280","0.35546875","0.35546875","0.35546875"
"3300","0.3984375","0.3984375","0.3984375"
"3320","0.29296875","0.29296875","0.29296875"
"3340","0.234375","0.234375","0.234375"
"3360","0.18359375","0.18359375","0.18359375"
"3380","0.27734375","0.27734375","0.27734375"
"3400","0.25","0.25","0.25"
"3420","0.4296875","0.4296875","0.4296875"
"3440","0.224609375","0.224609375","0.224609375"
"3460","0.359375","0.359375","0.359375"
"3480","0.2890625","0.2890625","0.2890625"
"3500","0.44140625","0.44140625","0.44140625"
"3520","0.431640625","0.431640625","0.431640625"
"3540","0.3984375","0.3984375","0.3984375"
"3560","0.205078125","0.205078125","0.205078125"
"3580","0.46875","0.46875","0.46875"
"3600","0.2109375","0.2109375","0.2109375"
"3620","0.4375","0.4375","0.4375"
"3640","0.30859375","0.30859375","0.30859375"
"3660","0.40625","0.40625","0.40625"
"3680","0.2421875","0.2421875","0.2421875"
"3700","0.443359375","0.443359375","0.443359375"
"3720","0.30859375","0.30859375","0.30859375"
"3740","0.26953125","0.26953125","0.26953125"
"3760","0.099609375","0.099609375","0.099609375"
"3780","0.4296875","0.4296875","0.4296875"
"3800","0.212890625","0.212890625","0.212890625"
"3820","0.1728515625","0.1728515625","0.1728515625"
"3840","0.34375","0.34375","0.34375"
"3860","0.388671875","0.388671875","0.388671875"
"3880","0.44921875","0.44921875","0.44921875"
"3900","0.37890625","0.37890625","0.37890625"
"3920","0.39453125","0.39453125","0.39453125"
"3940","0.328125","0.328125","0.328125"
"3960","0.4140625","0.4140625","0.4140625"
"3980","0.39453125","0.39453125","0.39453125"
"4000","0.3671875","0.3671875","0.3671875"
"4020","0.10107421875","0.10107421875","0.10107421875"
"4040","0.314453125","0.314453125","0.314453125"
"4060","0.29296875","0.29296875","0.29296875"
"4080","0.3828125","0.3828125","0.3828125"
"4100","0.2021484375","0.2021484375","0.2021484375"
"4120","0.21875","0.21875","0.21875"
"4140","0.3125","0.3125","0.3125"
"4160","0.3671875","0.3671875","0.3671875"
"4180","0.34375","0.34375","0.34375"
"4200","0.34375","0.34375","0.34375"
"4220","0.41796875","0.41796875","0.41796875"
"4240","0.283203125","0.283203125","0.283203125"
"4260","0.1650390625","0.1650390625","0.1650390625"
"4280","0.3828125","0.3828125","0.3828125"
"4300","0.3203125","0.3203125","0.3203125"
"4320","0.48046875","0.48046875","0.48046875"
"4340","0.3515625","0.3515625","0.3515625"
"4360","0.22265625","0.22265625","0.22265625"
"4380","0.1533203125","0.1533203125","0.1533203125"
"4400","0.40234375","0.40234375","0.40234375"
"4420","0.255859375","0.255859375","0.255859375"
"4440","0.2734375","0.2734375","0.2734375"
"4460","0.41015625","0.41015625","0.41015625"
"4480","0.177734375","0.177734375","0.177734375"
"4500","0.26171875","0.26171875","0.26171875"
"4520","0.33984375","0.33984375","0.33984375"
"4540","0.42578125","0.42578125","0.42578125"
"4560","0.390625","0.390625","0.390625"
"4580","0.369140625","0.369140625","0.369140625"
"4600","0.390625","0.390625","0.390625"
"4620","0.1494140625","0.1494140625","0.1494140625"
"4640","0.46484375","0.46484375","0.46484375"
"4660","0.359375","0.359375","0.359375"
"4680","0.35546875","0.35546875","0.35546875"
"4700","0.390625","0.390625","0.390625"
"4720","0.26171875","0.26171875","0.26171875"
"4740","0.44921875","0.44921875","0.44921875"
"4760","0.3671875","0.3671875","0.3671875"
"4780","0.2734375","0.2734375","0.2734375"
"4800","0.40234375","0.40234375","0.40234375"
"4820","0.515625","0.515625","0.515625"
"4840","0.306640625","0.306640625","0.306640625"
"4860","0.42578125","0.42578125","0.42578125"
"4880","0.298828125","0.298828125","0.298828125"
"4900","0.34765625","0.34765625","0.34765625"
"4920","0.228515625","0.228515625","0.228515625"
"4940","0.51953125","0.51953125","0.51953125"
"4960","0.29296875","0.29296875","0.29296875"
"4980","0.1865234375","0.1865234375","0.1865234375"
"5000","0.28515625","0.28515625","0.28515625"
"5020","0.29296875","0.29296875","0.29296875"
"5040","0.17578125","0.17578125","0.17578125"
"5060","0.369140625","0.369140625","0.369140625"
"5080","0.458984375","0.458984375","0.458984375"
"5100","0.484375","0.484375","0.484375"
"5120","0.546875","0.546875","0.546875"
"5140","0.42578125","0.42578125","0.42578125"
"5160","0.3671875","0.3671875","0.3671875"
"5180","0.328125","0.328125","0.328125"
"5200","0.34765625","0.34765625","0.34765625"
"5220","0.2041015625","0.2041015625","0.2041015625"
"5240","0.4609375","0.4609375","0.4609375"
"5260","0.296875","0.296875","0.296875"
"5280","0.3203125","0.3203125","0.3203125"
"5300","0.35546875","0.35546875","0.35546875"
"5320","0.40625","0.40625","0.40625"
"5340","0.19140625","0.19140625","0.19140625"
"5360","0.47265625","0.47265625","0.47265625"
"5380","0.40625","0.40625","0.40625"
"5400","0.34765625","0.34765625","0.34765625"
"5420","0.337890625","0.337890625","0.337890625"
"5440","0.474609375","0.474609375","0.474609375"
"5460","0.291015625","0.291015625","0.291015625"
"5480","0.1962890625","0.1962890625","0.1962890625"
"5500","0.20703125","0.20703125","0.20703125"
"5520","0.376953125","0.376953125","0.376953125"
"5540","0.33984375","0.33984375","0.33984375"
"5560","0.34765625","0.34765625","0.34765625"
"5580","0.38671875","0.38671875","0.38671875"
"5600","0.3203125","0.3203125","0.3203125"
"5620","0.3671875","0.3671875","0.3671875"
"5640","0.4921875","0.4921875","0.4921875"
"5660","0.328125","0.328125","0.328125"
"5680","0.3046875","0.3046875","0.3046875"
"5700","0.302734375","0.302734375","0.302734375"
"5720","0.21875","0.21875","0.21875"
"5740","0.326171875","0.326171875","0.326171875"
"5760","0.4140625","0.4140625","0.4140625"
"5780","0.173828125","0.173828125","0.173828125"
"5800","0.234375","0.234375","0.234375"
"5820","0.279296875","0.279296875","0.279296875"
"5840","0.40625","0.40625","0.40625"
"5860","0.4609375","0.4609375","0.4609375"
"5880","0.5625","0.5625","0.5625"
"5900","0.47265625","0.47265625","0.47265625"
"5920","0.30859375","0.30859375","0.30859375"
"5940","0.375","0.375","0.375"
"5960","0.41015625","0.41015625","0.41015625"
"5980","0.5078125","0.5078125","0.5078125"
"6000","0.349609375","0.349609375","0.349609375"
"6020","0.388671875","0.388671875","0.388671875"
"6040","0.404296875","0.404296875","0.404296875"
"6060","0.41015625","0.41015625","0.41015625"
"6080","0.322265625","0.322265625","0.322265625"
"6100","0.349609375","0.349609375","0.349609375"
"6120","0.5390625","0.5390625","0.5390625"
"6140","0.0986328125","0.0986328125","0.0986328125"
"6160","0.205078125","0.205078125","0.205078125"
"6180","0.224609375","0.224609375","0.224609375"
"6200","0.5234375","0.5234375","0.5234375"
"6220","0.515625","0.515625","0.515625"
"6240","0.34765625","0.34765625","0.34765625"
"6260","0.31640625","0.31640625","0.31640625"
"6280","0.44140625","0.44140625","0.44140625"
"6300","0.28515625","0.28515625","0.28515625"
"6320","0.154296875","0.154296875","0.154296875"
"6340","0.4375","0.4375","0.4375"
"6360","0.287109375","0.287109375","0.287109375"
"6380","0.353515625","0.353515625","0.353515625"
"6400","0.306640625","0.306640625","0.306640625"
"6420","0.451171875","0.451171875","0.451171875"
"6440","0.25","0.25","0.25"
"6460","0.443359375","0.443359375","0.443359375"
"6480","0.2109375","0.2109375","0.2109375"
"6500","0.310546875","0.310546875","0.310546875"
"6520","0.201171875","0.201171875","0.201171875"
"6540","0.32421875","0.32421875","0.32421875"
"6560","0.23046875","0.23046875","0.23046875"
"6580","0.4609375","0.4609375","0.4609375"
"6600","0.345703125","0.345703125","0.345703125"
"6620","0.29296875","0.29296875","0.29296875"
"6640","0.1806640625","0.1806640625","0.1806640625"
"6660","0.365234375","0.365234375","0.365234375"
"6680","0.54296875","0.54296875","0.54296875"
"6700","0.4296875","0.4296875","0.4296875"
"6720","0.24609375","0.24609375","0.24609375"
"6740","0.3828125","0.3828125","0.3828125"
"6760","0.421875","0.421875","0.421875"
"6780","0.52734375","0.52734375","0.52734375"
"6800","0.546875","0.546875","0.546875"
"6820","0.4609375","0.4609375","0.4609375"
"6840","0.44921875","0.44921875","0.44921875"
"6860","0.365234375","0.365234375","0.365234375"
"6880","0.53125","0.53125","0.53125"
"6900","0.2734375","0.2734375","0.2734375"
"6920","0.58984375","0.58984375","0.58984375"
"6940","0.375","0.375","0.375"
"6960","0.486328125","0.486328125","0.486328125"
"6980","0.453125","0.453125","0.453125"
"7000","0.59375","0.59375","0.59375"
"7020","0.296875","0.296875","0.296875"
"7040","0.5234375","0.5234375","0.5234375"
"7060","0.375","0.375","0.375"
"7080","0.4296875","0.4296875","0.4296875"
"7100","0.6015625","0.6015625","0.6015625"
"7120","0.51171875","0.51171875","0.51171875"
"7140","0.45703125","0.45703125","0.45703125"
"7160","0.39453125","0.39453125","0.39453125"
"7180","0.390625","0.390625","0.390625"
"7200","0.640625","0.640625","0.640625"
"7220","0.4140625","0.4140625","0.4140625"
"7240","0.5859375","0.5859375","0.5859375"
"7260","0.48046875","0.48046875","0.48046875"
"7280","0.52734375","0.52734375","0.52734375"
"7300","0.44921875","0.44921875","0.44921875"
"7320","0.578125","0.578125","0.578125"
"7340","0.5234375","0.5234375","0.5234375"
"7360","0.2890625","0.2890625","0.2890625"
"7380","0.349609375","0.349609375","0.349609375"
"7400","0.33984375","0.33984375","0.33984375"
"7420","0.546875","0.546875","0.546875"
"7440","0.51953125","0.51953125","0.51953125"
"7460","0.2021484375","0.2021484375","0.2021484375"
"7480","0.359375","0.359375","0.359375"
"7500","0.59375","0.59375","0.59375"
"7520","0.55859375","0.55859375","0.55859375"
"7540","0.5078125","0.5078125","0.5078125"
"7560","0.5546875","0.5546875","0.5546875"
"7580","0.546875","0.546875","0.546875"
"7600","0.421875","0.421875","0.421875"
"7620","0.515625","0.515625","0.515625"
"7640","0.4453125","0.4453125","0.4453125"
"7660","0.4453125","0.4453125","0.4453125"
"7680","0.345703125","0.345703125","0.345703125"
"7700","0.5234375","0.5234375","0.5234375"
"7720","0.40234375","0.40234375","0.40234375"
"7740","0.5625","0.5625","0.5625"
"7760","0.546875","0.546875","0.546875"
"7780","0.609375","0.609375","0.609375"
"7800","0.3828125","0.3828125","0.3828125"
"7820","0.5703125","0.5703125","0.5703125"
"7840","0.3515625","0.3515625","0.3515625"
"7860","0.53125","0.53125","0.53125"
"7880","0.498046875","0.498046875","0.498046875"
"7900","0.392578125","0.392578125","0.392578125"
"7920","0.3515625","0.3515625","0.3515625"
"7940","0.3125","0.3125","0.3125"
"7960","0.59375","0.59375","0.59375"
"7980","0.640625","0.640625","0.640625"
"8000","0.5078125","0.5078125","0.5078125"
"8020","0.40625","0.40625","0.40625"
"8040","0.51171875","0.51171875","0.51171875"
"8060","0.37890625","0.37890625","0.37890625"
"8080","0.5703125","0.5703125","0.5703125"
"8100","0.28515625","0.28515625","0.28515625"
"8120","0.330078125","0.330078125","0.330078125"
"8140","0.4453125","0.4453125","0.4453125"
"8160","0.330078125","0.330078125","0.330078125"
"8180","0.4375","0.4375","0.4375"
"8200","0.341796875","0.341796875","0.341796875"
"8220","0.390625","0.390625","0.390625"
"8240","0.5234375","0.5234375","0.5234375"
"8260","0.53125","0.53125","0.53125"
"8280","0.11474609375","0.11474609375","0.11474609375"
"8300","0.4921875","0.4921875","0.4921875"
"8320","0.45703125","0.45703125","0.45703125"
"8340","0.3828125","0.3828125","0.3828125"
"8360","0.486328125","0.486328125","0.486328125"
"8380","0.5078125","0.5078125","0.5078125"
"8400","0.26953125","0.26953125","0.26953125"
"8420","0.375","0.375","0.375"
"8440","0.431640625","0.431640625","0.431640625"
"8460","0.455078125","0.455078125","0.455078125"
"8480","0.578125","0.578125","0.578125"
"8500","0.294921875","0.294921875","0.294921875"
"8520","0.2578125","0.2578125","0.2578125"
"8540","0.462890625","0.462890625","0.462890625"
"8560","0.48828125","0.48828125","0.48828125"
"8580","0.3203125","0.3203125","0.3203125"
"8600","0.6015625","0.6015625","0.6015625"
"8620","0.31640625","0.31640625","0.31640625"
"8640","0.25390625","0.25390625","0.25390625"
"8660","0.427734375","0.427734375","0.427734375"
"8680","0.640625","0.640625","0.640625"
"8700","0.19921875","0.19921875","0.19921875"
"8720","0.43359375","0.43359375","0.43359375"
"8740","0.3828125","0.3828125","0.3828125"
"8760","0.44140625","0.44140625","0.44140625"
"8780","0.6328125","0.6328125","0.6328125"
"8800","0.43359375","0.43359375","0.43359375"
"8820","0.47265625","0.47265625","0.47265625"
"8840","0.58984375","0.58984375","0.58984375"
"8860","0.6015625","0.6015625","0.6015625"
"8880","0.6328125","0.6328125","0.6328125"
"8900","0.5859375","0.5859375","0.5859375"
"8920","0.39453125","0.39453125","0.39453125"
"8940","0.3515625","0.3515625","0.3515625"
"8960","0.28515625","0.28515625","0.28515625"
"8980","0.400390625","0.400390625","0.400390625"
"9000","0.466796875","0.466796875","0.466796875"
"9020","0.49609375","0.49609375","0.49609375"
"9040","0.345703125","0.345703125","0.345703125"
"9060","0.47265625","0.47265625","0.47265625"
"9080","0.45703125","0.45703125","0.45703125"
"9100","0.08984375","0.08984375","0.08984375"
"9120","0.49609375","0.49609375","0.49609375"
"9140","0.1962890625","0.1962890625","0.1962890625"
"9160","0.44921875","0.44921875","0.44921875"
"9180","0.51171875","0.51171875","0.51171875"
"9200","0.4453125","0.4453125","0.4453125"
"9220","0.4609375","0.4609375","0.4609375"
"9240","0.353515625","0.353515625","0.353515625"
"9260","0.396484375","0.396484375","0.396484375"
"9280","0.40234375","0.40234375","0.40234375"
"9300","0.484375","0.484375","0.484375"
"9320","0.2578125","0.2578125","0.2578125"
"9340","0.671875","0.671875","0.671875"
"9360","0.51953125","0.51953125","0.51953125"
"9380","0.5","0.5","0.5"
"9400","0.400390625","0.400390625","0.400390625"
"9420","0.57421875","0.57421875","0.57421875"
"9440","0.123046875","0.123046875","0.123046875"
"9460","0.44140625","0.44140625","0.44140625"
"9480","0.45703125","0.45703125","0.45703125"
"9500","0.1884765625","0.1884765625","0.1884765625"
"9520","0.26953125","0.26953125","0.26953125"
"9540","0.5625","0.5625","0.5625"
"9560","0.5625","0.5625","0.5625"
"9580","0.46875","0.46875","0.46875"
"9600","0.52734375","0.52734375","0.52734375"
"9620","0.36328125","0.36328125","0.36328125"
"9640","0.3125","0.3125","0.3125"
"9660","0.5078125","0.5078125","0.5078125"
"9680","0.6640625","0.6640625","0.6640625"
"9700","0.66796875","0.66796875","0.66796875"
"9720","0.5625","0.5625","0.5625"
"9740","0.53515625","0.53515625","0.53515625"
"9760","0.5625","0.5625","0.5625"
"9780","0.58984375","0.58984375","0.58984375"
"9800","0.5234375","0.5234375","0.5234375"
"9820","0.66015625","0.66015625","0.66015625"
"9840","0.39453125","0.39453125","0.39453125"
"9860","0.5390625","0.5390625","0.5390625"
"9880","0.546875","0.546875","0.546875"
"9900","0.2578125","0.2578125","0.2578125"
"9920","0.3984375","0.3984375","0.3984375"
"9940","0.490234375","0.490234375","0.490234375"
"9960","0.5703125","0.5703125","0.5703125"
"9980","0.376953125","0.376953125","0.376953125"
"10000","0.4609375","0.4609375","0.4609375"
"10020","0.232421875","0.232421875","0.232421875"
"10040","0.609375","0.609375","0.609375"
"10060","0.56640625","0.56640625","0.56640625"
"10080","0.34375","0.34375","0.34375"
"10100","0.49609375","0.49609375","0.49609375"
"10120","0.46484375","0.46484375","0.46484375"
"10140","0.267578125","0.267578125","0.267578125"
"10160","0.50390625","0.50390625","0.50390625"
"10180","0.48828125","0.48828125","0.48828125"
"10200","0.53125","0.53125","0.53125"
"10220","0.45703125","0.45703125","0.45703125"
"10240","0.5703125","0.5703125","0.5703125"
"10260","0.578125","0.578125","0.578125"
"10280","0.48828125","0.48828125","0.48828125"
"10300","0.373046875","0.373046875","0.373046875"
"10320","0.29296875","0.29296875","0.29296875"
"10340","0.24609375","0.24609375","0.24609375"
"10360","0.5859375","0.5859375","0.5859375"
"10380","0.546875","0.546875","0.546875"
"10400","0.546875","0.546875","0.546875"
"10420","0.236328125","0.236328125","0.236328125"
"10440","0.5625","0.5625","0.5625"
"10460","0.6484375","0.6484375","0.6484375"
"10480","0.287109375","0.287109375","0.287109375"
"10500","0.5","0.5","0.5"
"10520","0.34375","0.34375","0.34375"
"10540","0.47265625","0.47265625","0.47265625"
"10560","0.5859375","0.5859375","0.5859375"
"10580","0.65234375","0.65234375","0.65234375"
"10600","0.6015625","0.6015625","0.6015625"
"10620","0.5390625","0.5390625","0.5390625"
"10640","0.5546875","0.5546875","0.5546875"
"10660","0.44140625","0.44140625","0.44140625"
"10680","0.435546875","0.435546875","0.435546875"
"10700","0.322265625","0.322265625","0.322265625"
"10720","0.546875","0.546875","0.546875"
"10740","0.4375","0.4375","0.4375"
"10760","0.37109375","0.37109375","0.37109375"
"10780","0.5","0.5","0.5"
"10800","0.671875","0.671875","0.671875"
"10820","0.34765625","0.34765625","0.34765625"
"10840","0.2412109375","0.2412109375","0.2412109375"
"10860","0.625","0.625","0.625"
"10880","0.33203125","0.33203125","0.33203125"
"10900","0.416015625","0.416015625","0.416015625"
"10920","0.5625","0.5625","0.5625"
"10940","0.416015625","0.416015625","0.416015625"
"10960","0.298828125","0.298828125","0.298828125"
"10980","0.5234375","0.5234375","0.5234375"
"11000","0.5625","0.5625","0.5625"
"11020","0.4453125","0.4453125","0.4453125"
"11040","0.15234375","0.15234375","0.15234375"
"11060","0.21875","0.21875","0.21875"
"11080","0.53125","0.53125","0.53125"
"11100","0.5625","0.5625","0.5625"
"11120","0.30859375","0.30859375","0.30859375"
"11140","0.6640625","0.6640625","0.6640625"
"11160","0.609375","0.609375","0.609375"
"11180","0.30859375","0.30859375","0.30859375"
"11200","0.423828125","0.423828125","0.423828125"
"11220","0.171875","0.171875","0.171875"
"11240","0.349609375","0.349609375","0.349609375"
"11260","0.47265625","0.47265625","0.47265625"
"11280","0.5234375","0.5234375","0.5234375"
"11300","0.5390625","0.5390625","0.5390625"
"11320","0.365234375","0.365234375","0.365234375"
"11340","0.4609375","0.4609375","0.4609375"
"11360","0.4609375","0.4609375","0.4609375"
"11380","0.4765625","0.4765625","0.4765625"
"11400","0.466796875","0.466796875","0.466796875"
"11420","0.5390625","0.5390625","0.5390625"
"11440","0.53515625","0.53515625","0.53515625"
"11460","0.5390625","0.5390625","0.5390625"
"11480","0.353515625","0.353515625","0.353515625"
"11500","0.51171875","0.51171875","0.51171875"
"11520","0.181640625","0.181640625","0.181640625"
"11540","0.40625","0.40625","0.40625"
"11560","0.470703125","0.470703125","0.470703125"
"11580","0.51171875","0.51171875","0.51171875"
"11600","0.59765625","0.59765625","0.59765625"
"11620","0.51953125","0.51953125","0.51953125"
"11640","0.67578125","0.67578125","0.67578125"
"11660","0.5546875","0.5546875","0.5546875"
"11680","0.384765625","0.384765625","0.384765625"
"11700","0.5390625","0.5390625","0.5390625"
"11720","0.486328125","0.486328125","0.486328125"
"11740","0.53125","0.53125","0.53125"
"11760","0.024658203125","0.024658203125","0.024658203125"
"11780","0.5703125","0.5703125","0.5703125"
"11800","0.6015625","0.6015625","0.6015625"
"11820","0.6875","0.6875","0.6875"
"11840","0.49609375","0.49609375","0.49609375"
"11860","0.51953125","0.51953125","0.51953125"
"11880","0.44140625","0.44140625","0.44140625"
"11900","0.52734375","0.52734375","0.52734375"
"11920","0.65625","0.65625","0.65625"
"11940","0.45703125","0.45703125","0.45703125"
"11960","0.59375","0.59375","0.59375"
"11980","0.40625","0.40625","0.40625"
"12000","0.671875","0.671875","0.671875"
"12020","0.37890625","0.37890625","0.37890625"
"12040","0.59375","0.59375","0.59375"
"12060","0.55078125","0.55078125","0.55078125"
"12080","0.443359375","0.443359375","0.443359375"
"12100","0.404296875","0.404296875","0.404296875"
"12120","0.53125","0.53125","0.53125"
"12140","0.671875","0.671875","0.671875"
"12160","0.365234375","0.365234375","0.365234375"
"12180","0.6015625","0.6015625","0.6015625"
"12200","0.65625","0.65625","0.65625"
"12220","0.640625","0.640625","0.640625"
"12240","0.44140625","0.44140625","0.44140625"
"12260","0.4140625","0.4140625","0.4140625"
"12280","0.35546875","0.35546875","0.35546875"
"12300","0.5","0.5","0.5"
"12320","0.6640625","0.6640625","0.6640625"
"12340","0.6171875","0.6171875","0.6171875"
"12360","0.56640625","0.56640625","0.56640625"
"12380","0.51953125","0.51953125","0.51953125"
"12400","0.4765625","0.4765625","0.4765625"
"12420","0.33984375","0.33984375","0.33984375"
"12440","0.423828125","0.423828125","0.423828125"
"12460","0.546875","0.546875","0.546875"
"12480","0.296875","0.296875","0.296875"
"12500","0.61328125","0.61328125","0.61328125"
"12520","0.46875","0.46875","0.46875"
"12540","0.5703125","0.5703125","0.5703125"
"12560","0.37109375","0.37109375","0.37109375"
"12580","0.5703125","0.5703125","0.5703125"
"12600","0.6875","0.6875","0.6875"
"12620","0.45703125","0.45703125","0.45703125"
"12640","0.5546875","0.5546875","0.5546875"
"12660","0.298828125","0.298828125","0.298828125"
"12680","0.51171875","0.51171875","0.51171875"
"12700","0.40234375","0.40234375","0.40234375"
"12720","0.578125","0.578125","0.578125"
"12740","0.5390625","0.5390625","0.5390625"
"12760","0.6015625","0.6015625","0.6015625"
"12780","0.462890625","0.462890625","0.462890625"
"12800","0.439453125","0.439453125","0.439453125"
"12820","0.33203125","0.33203125","0.33203125"
"12840","0.421875","0.421875","0.421875"
"12860","0.50390625","0.50390625","0.50390625"
"12880","0.578125","0.578125","0.578125"
"12900","0.55078125","0.55078125","0.55078125"
"12920","0.515625","0.515625","0.515625"
"12940","0.376953125","0.376953125","0.376953125"
"12960","0.53515625","0.53515625","0.53515625"
"12980","0.35546875","0.35546875","0.35546875"
"13000","0.42578125","0.42578125","0.42578125"
"13020","0.48828125","0.48828125","0.48828125"
"13040","0.453125","0.453125","0.453125"
"13060","0.39453125","0.39453125","0.39453125"
"13080","0.486328125","0.486328125","0.486328125"
"13100","0.337890625","0.337890625","0.337890625"
"13120","0.5625","0.5625","0.5625"
"13140","0.6015625","0.6015625","0.6015625"
"13160","0.58203125","0.58203125","0.58203125"
"13180","0.71875","0.71875","0.71875"
"13200","0.5625","0.5625","0.5625"
"13220","0.400390625","0.400390625","0.400390625"
"13240","0.6953125","0.6953125","0.6953125"
"13260","0.41796875","0.41796875","0.41796875"
"13280","0.546875","0.546875","0.546875"
"13300","0.5703125","0.5703125","0.5703125"
"13320","0.625","0.625","0.625"
"13340","0.5","0.5","0.5"
"13360","0.48828125","0.48828125","0.48828125"
"13380","0.5859375","0.5859375","0.5859375"
"13400","0.42578125","0.42578125","0.42578125"
"13420","0.177734375","0.177734375","0.177734375"
"13440","0.5625","0.5625","0.5625"
"13460","0.6015625","0.6015625","0.6015625"
"13480","0.6640625","0.6640625","0.6640625"
"13500","0.453125","0.453125","0.453125"
"13520","0.4453125","0.4453125","0.4453125"
"13540","0.48828125","0.48828125","0.48828125"
"13560","0.384765625","0.384765625","0.384765625"
"13580","0.6875","0.6875","0.6875"
"13600","0.40625","0.40625","0.40625"
"13620","0.59375","0.59375","0.59375"
"13640","0.466796875","0.466796875","0.466796875"
"13660","0.51171875","0.51171875","0.51171875"
"13680","0.40234375","0.40234375","0.40234375"
"13700","0.453125","0.453125","0.453125"
"13720","0.5859375","0.5859375","0.5859375"
"13740","0.58984375","0.58984375","0.58984375"
"13760","0.61328125","0.61328125","0.61328125"
"13780","0.5078125","0.5078125","0.5078125"
"13800","0.455078125","0.455078125","0.455078125"
"13820","0.625","0.625","0.625"
"13840","0.365234375","0.365234375","0.365234375"
"13860","0.5390625","0.5390625","0.5390625"
"13880","0.408203125","0.408203125","0.408203125"
"13900","0.5","0.5","0.5"
"13920","0.66015625","0.66015625","0.66015625"
"13940","0.4296875","0.4296875","0.4296875"
"13960","0.54296875","0.54296875","0.54296875"
"13980","0.625","0.625","0.625"
"14000","0.609375","0.609375","0.609375"
"14020","0.44921875","0.44921875","0.44921875"
"14040","0.4453125","0.4453125","0.4453125"
"14060","0.5","0.5","0.5"
"14080","0.54296875","0.54296875","0.54296875"
"14100","0.451171875","0.451171875","0.451171875"
"14120","0.45703125","0.45703125","0.45703125"
"14140","0.59765625","0.59765625","0.59765625"
"14160","0.59765625","0.59765625","0.59765625"
"14180","0.326171875","0.326171875","0.326171875"
"14200","0.1845703125","0.1845703125","0.1845703125"
"14220","0.5","0.5","0.5"
"14240","0.62109375","0.62109375","0.62109375"
"14260","0.333984375","0.333984375","0.333984375"
"14280","0.640625","0.640625","0.640625"
"14300","0.4609375","0.4609375","0.4609375"
"14320","0.2890625","0.2890625","0.2890625"
"14340","0.423828125","0.423828125","0.423828125"
"14360","0.50390625","0.50390625","0.50390625"
"14380","0.5390625","0.5390625","0.5390625"
"14400","0.5546875","0.5546875","0.5546875"
"14420","0.5390625","0.5390625","0.5390625"
"14440","0.625","0.625","0.625"
"14460","0.412109375","0.412109375","0.412109375"
"14480","0.5703125","0.5703125","0.5703125"
"14500","0.6640625","0.6640625","0.6640625"
"14520","0.609375","0.609375","0.609375"
"14540","0.64453125","0.64453125","0.64453125"
"14560","0.5234375","0.5234375","0.5234375"
"14580","0.640625","0.640625","0.640625"
"14600","0.5390625","0.5390625","0.5390625"
"14620","0.5078125","0.5078125","0.5078125"
"14640","0.328125","0.328125","0.328125"
"14660","0.44140625","0.44140625","0.44140625"
"14680","0.5390625","0.5390625","0.5390625"
"14700","0.5234375","0.5234375","0.5234375"
"14720","0.49609375","0.49609375","0.49609375"
"14740","0.014404296875","0.014404296875","0.014404296875"
"14760","0.6640625","0.6640625","0.6640625"
"14780","0.314453125","0.314453125","0.314453125"
"14800","0.6875","0.6875","0.6875"
"14820","0.49609375","0.49609375","0.49609375"
"14840","0.52734375","0.52734375","0.52734375"
"14860","0.3671875","0.3671875","0.3671875"
"14880","0.392578125","0.392578125","0.392578125"
"14900","0.408203125","0.408203125","0.408203125"
"14920","0.40625","0.40625","0.40625"
"14940","0.44140625","0.44140625","0.44140625"
"14960","0.6328125","0.6328125","0.6328125"
"14980","0.73046875","0.73046875","0.73046875"
"15000","0.59375","0.59375","0.59375"
"15020","0.408203125","0.408203125","0.408203125"
"15040","0.69921875","0.69921875","0.69921875"
"15060","0.326171875","0.326171875","0.326171875"
"15080","0.58984375","0.58984375","0.58984375"
"15100","0.3984375","0.3984375","0.3984375"
"15120","0.359375","0.359375","0.359375"
"15140","0.5546875","0.5546875","0.5546875"
"15160","0.5703125","0.5703125","0.5703125"
"15180","0.41015625","0.41015625","0.41015625"
"15200","0.64453125","0.64453125","0.64453125"
"15220","0.6015625","0.6015625","0.6015625"
"15240","0.53125","0.53125","0.53125"
"15260","0.5625","0.5625","0.5625"
"15280","0.578125","0.578125","0.578125"
"15300","0.5859375","0.5859375","0.5859375"
"15320","0.62109375","0.62109375","0.62109375"
"15340","0.65625","0.65625","0.65625"
"15360","0.5234375","0.5234375","0.5234375"
"15380","0.421875","0.421875","0.421875"
"15400","0.671875","0.671875","0.671875"
"15420","0.4375","0.4375","0.4375"
"15440","0.5234375","0.5234375","0.5234375"
"15460","0.46484375","0.46484375","0.46484375"
"15480","0.5078125","0.5078125","0.5078125"
"15500","0.71484375","0.71484375","0.71484375"
"15520","0.4921875","0.4921875","0.4921875"
"15540","0.32421875","0.32421875","0.32421875"
"15560","0.380859375","0.380859375","0.380859375"
"15580","0.48828125","0.48828125","0.48828125"
"15600","0.4453125","0.4453125","0.4453125"
"15620","0.453125","0.453125","0.453125"
"15640","0.3046875","0.3046875","0.3046875"
"15660","0.6484375","0.6484375","0.6484375"
"15680","0.64453125","0.64453125","0.64453125"
"15700","0.7109375","0.7109375","0.7109375"
"15720","0.65625","0.65625","0.65625"
"15740","0.4140625","0.4140625","0.4140625"
"15760","0.4453125","0.4453125","0.4453125"
"15780","0.6796875","0.6796875","0.6796875"
"15800","0.62890625","0.62890625","0.62890625"
"15820","0.6484375","0.6484375","0.6484375"
"15840","0.5390625","0.5390625","0.5390625"
"15860","0.5703125","0.5703125","0.5703125"
"15880","0.51171875","0.51171875","0.51171875"
"15900","0.6875","0.6875","0.6875"
"15920","0.546875","0.546875","0.546875"
"15940","0.40625","0.40625","0.40625"
"15960","0.39453125","0.39453125","0.39453125"
"15980","0.5625","0.5625","0.5625"
"16000","0.515625","0.515625","0.515625"
"16020","0.3671875","0.3671875","0.3671875"
"16040","0.51953125","0.51953125","0.51953125"
"16060","0.6171875","0.6171875","0.6171875"
"16080","0.484375","0.484375","0.484375"
"16100","0.455078125","0.455078125","0.455078125"
"16120","0.54296875","0.54296875","0.54296875"
"16140","0.6015625","0.6015625","0.6015625"
"16160","0.6484375","0.6484375","0.6484375"
"16180","0.70703125","0.70703125","0.70703125"
"16200","0.65234375","0.65234375","0.65234375"
"16220","0.515625","0.515625","0.515625"
"16240","0.4296875","0.4296875","0.4296875"
"16260","0.6171875","0.6171875","0.6171875"
"16280","0.6171875","0.6171875","0.6171875"
"16300","0.41796875","0.41796875","0.41796875"
"16320","0.466796875","0.466796875","0.466796875"
"16340","0.46484375","0.46484375","0.46484375"
"16360","0.46484375","0.46484375","0.46484375"
"16380","0.43359375","0.43359375","0.43359375"
"16400","0.3671875","0.3671875","0.3671875"
"16420","0.50390625","0.50390625","0.50390625"
"16440","0.57421875","0.57421875","0.57421875"
"16460","0.55078125","0.55078125","0.55078125"
"16480","0.453125","0.453125","0.453125"
"16500","0.3359375","0.3359375","0.3359375"
"16520","0.44140625","0.44140625","0.44140625"
"16540","0.5625","0.5625","0.5625"
"16560","0.3359375","0.3359375","0.3359375"
"16580","0.27734375","0.27734375","0.27734375"
"16600","0.4609375","0.4609375","0.4609375"
"16620","0.52734375","0.52734375","0.52734375"
"16640","0.4921875","0.4921875","0.4921875"
"16660","0.3359375","0.3359375","0.3359375"
"16680","0.5859375","0.5859375","0.5859375"
"16700","0.24609375","0.24609375","0.24609375"
"16720","0.4375","0.4375","0.4375"
"16740","0.53125","0.53125","0.53125"
"16760","0.38671875","0.38671875","0.38671875"
"16780","0.5546875","0.5546875","0.5546875"
"16800","0.5","0.5","0.5"
"16820","0.68359375","0.68359375","0.68359375"
"16840","0.45703125","0.45703125","0.45703125"
"16860","0.69921875","0.69921875","0.69921875"
"16880","0.4921875","0.4921875","0.4921875"
"16900","0.6875","0.6875","0.6875"
"16920","0.41796875","0.41796875","0.41796875"
"16940","0.421875","0.421875","0.421875"
"16960","0.703125","0.703125","0.703125"
"16980","0.5078125","0.5078125","0.5078125"
"17000","0.56640625","0.56640625","0.56640625"
"17020","0.6015625","0.6015625","0.6015625"
"17040","0.640625","0.640625","0.640625"
"17060","0.703125","0.703125","0.703125"
"17080","0.6328125","0.6328125","0.6328125"
"17100","0.64453125","0.64453125","0.64453125"
"17120","0.5078125","0.5078125","0.5078125"
"17140","0.51953125","0.51953125","0.51953125"
"17160","0.6015625","0.6015625","0.6015625"
"17180","0.640625","0.640625","0.640625"
"17200","0.48828125","0.48828125","0.48828125"
"17220","0.62890625","0.62890625","0.62890625"
"17240","0.47265625","0.47265625","0.47265625"
"17260","0.64453125","0.64453125","0.64453125"
"17280","0.421875","0.421875","0.421875"
"17300","0.6640625","0.6640625","0.6640625"
"17320","0.6484375","0.6484375","0.6484375"
"17340","0.5703125","0.5703125","0.5703125"
"17360","0.640625","0.640625","0.640625"
"17380","0.640625","0.640625","0.640625"
"17400","0.67578125","0.67578125","0.67578125"
"17420","0.7265625","0.7265625","0.7265625"
"17440","0.279296875","0.279296875","0.279296875"
"17460","0.265625","0.265625","0.265625"
"17480","0.40234375","0.40234375","0.40234375"
"17500","0.625","0.625","0.625"
"17520","0.73046875","0.73046875","0.73046875"
"17540","0.6328125","0.6328125","0.6328125"
"17560","0.6640625","0.6640625","0.6640625"
"17580","0.609375","0.609375","0.609375"
"17600","0.52734375","0.52734375","0.52734375"
"17620","0.56640625","0.56640625","0.56640625"
"17640","0.390625","0.390625","0.390625"
"17660","0.515625","0.515625","0.515625"
"17680","0.609375","0.609375","0.609375"
"17700","0.6484375","0.6484375","0.6484375"
"17720","0.6015625","0.6015625","0.6015625"
"17740","0.51171875","0.51171875","0.51171875"
"17760","0.578125","0.578125","0.578125"
"17780","0.59375","0.59375","0.59375"
"17800","0.59765625","0.59765625","0.59765625"
"17820","0.57421875","0.57421875","0.57421875"
"17840","0.609375","0.609375","0.609375"
"17860","0.6953125","0.6953125","0.6953125"
"17880","0.70703125","0.70703125","0.70703125"
"17900","0.4140625","0.4140625","0.4140625"
"17920","0.546875","0.546875","0.546875"
"17940","0.5625","0.5625","0.5625"
"17960","0.58203125","0.58203125","0.58203125"
"17980","0.267578125","0.267578125","0.267578125"
"18000","0.50390625","0.50390625","0.50390625"
"18020","0.6640625","0.6640625","0.6640625"
"18040","0.51171875","0.51171875","0.51171875"
"18060","0.55859375","0.55859375","0.55859375"
"18080","0.609375","0.609375","0.609375"
"18100","0.431640625","0.431640625","0.431640625"
"18120","0.703125","0.703125","0.703125"
"18140","0.63671875","0.63671875","0.63671875"
"18160","0.43359375","0.43359375","0.43359375"
"18180","0.5546875","0.5546875","0.5546875"
"18200","0.40625","0.40625","0.40625"
"18220","0.6015625","0.6015625","0.6015625"
"18240","0.578125","0.578125","0.578125"
"18260","0.59375","0.59375","0.59375"
"18280","0.5","0.5","0.5"
"18300","0.55078125","0.55078125","0.55078125"
"18320","0.6484375","0.6484375","0.6484375"
"18340","0.52734375","0.52734375","0.52734375"
"18360","0.42578125","0.42578125","0.42578125"
"18380","0.57421875","0.57421875","0.57421875"
"18400","0.31640625","0.31640625","0.31640625"
"18420","0.578125","0.578125","0.578125"
"18440","0.412109375","0.412109375","0.412109375"
"18460","0.6015625","0.6015625","0.6015625"
"18480","0.44140625","0.44140625","0.44140625"
"18500","0.30078125","0.30078125","0.30078125"
"18520","0.4296875","0.4296875","0.4296875"
"18540","0.51171875","0.51171875","0.51171875"
"18560","0.5859375","0.5859375","0.5859375"
"18580","0.6015625","0.6015625","0.6015625"
"18600","0.42578125","0.42578125","0.42578125"
"18620","0.7109375","0.7109375","0.7109375"
"18640","0.4375","0.4375","0.4375"
"18660","0.45703125","0.45703125","0.45703125"
"18680","0.57421875","0.57421875","0.57421875"
"18700","0.75","0.75","0.75"
"18720","0.6328125","0.6328125","0.6328125"
"18740","0.58984375","0.58984375","0.58984375"
"18760","0.65234375","0.65234375","0.65234375"
"18780","0.671875","0.671875","0.671875"
"18800","0.35546875","0.35546875","0.35546875"
"18820","0.31640625","0.31640625","0.31640625"
"18840","0.455078125","0.455078125","0.455078125"
"18860","0.41796875","0.41796875","0.41796875"
"18880","0.5625","0.5625","0.5625"
"18900","0.671875","0.671875","0.671875"
"18920","0.6484375","0.6484375","0.6484375"
"18940","0.65234375","0.65234375","0.65234375"
"18960","0.62109375","0.62109375","0.62109375"
"18980","0.5078125","0.5078125","0.5078125"
"19000","0.65625","0.65625","0.65625"
"19020","0.65625","0.65625","0.65625"
"19040","0.6328125","0.6328125","0.6328125"
"19060","0.37109375","0.37109375","0.37109375"
"19080","0.66796875","0.66796875","0.66796875"
"19100","0.68359375","0.68359375","0.68359375"
"19120","0.6484375","0.6484375","0.6484375"
"19140","0.56640625","0.56640625","0.56640625"
"19160","0.5546875","0.5546875","0.5546875"
"19180","0.5703125","0.5703125","0.5703125"
"19200","0.423828125","0.423828125","0.423828125"
"19220","0.609375","0.609375","0.609375"
"19240","0.54296875","0.54296875","0.54296875"
"19260","0.53125","0.53125","0.53125"
"19280","0.6484375","0.6484375","0.6484375"
"19300","0.453125","0.453125","0.453125"
"19320","0.44140625","0.44140625","0.44140625"
"19340","0.65625","0.65625","0.65625"
"19360","0.625","0.625","0.625"
"19380","0.48046875","0.48046875","0.48046875"
"19400","0.546875","0.546875","0.546875"
"19420","0.7109375","0.7109375","0.7109375"
"19440","0.6015625","0.6015625","0.6015625"
"19460","0.6640625","0.6640625","0.6640625"
"19480","0.484375","0.484375","0.484375"
"19500","0.75","0.75","0.75"
"19520","0.6875","0.6875","0.6875"
"19540","0.609375","0.609375","0.609375"
"19560","0.486328125","0.486328125","0.486328125"
"19580","0.7578125","0.7578125","0.7578125"
"19600","0.7109375","0.7109375","0.7109375"
"19620","0.59765625","0.59765625","0.59765625"
"19640","0.63671875","0.63671875","0.63671875"
"19660","0.671875","0.671875","0.671875"
"19680","0.671875","0.671875","0.671875"
"19700","0.482421875","0.482421875","0.482421875"
"19720","0.60546875","0.60546875","0.60546875"
"19740","0.435546875","0.435546875","0.435546875"
"19760","0.6953125","0.6953125","0.6953125"
"19780","0.6484375","0.6484375","0.6484375"
"19800","0.7109375","0.7109375","0.7109375"
"19820","0.3671875","0.3671875","0.3671875"
"19840","0.70703125","0.70703125","0.70703125"
"19860","0.7109375","0.7109375","0.7109375"
"19880","0.6796875","0.6796875","0.6796875"
"19900","0.7109375","0.7109375","0.7109375"
"19920","0.546875","0.546875","0.546875"
"19940","0.5","0.5","0.5"
"19960","0.5859375","0.5859375","0.5859375"
"19980","0.6171875","0.6171875","0.6171875"
"20000","0.66015625","0.66015625","0.66015625"
"20020","0.384765625","0.384765625","0.384765625"
"20040","0.6640625","0.6640625","0.6640625"
"20060","0.66796875","0.66796875","0.66796875"
"20080","0.48046875","0.48046875","0.48046875"
"20100","0.75","0.75","0.75"
"20120","0.7109375","0.7109375","0.7109375"
"20140","0.5234375","0.5234375","0.5234375"
"20160","0.59375","0.59375","0.59375"
"20180","0.69921875","0.69921875","0.69921875"
"20200","0.73046875","0.73046875","0.73046875"
"20220","0.4609375","0.4609375","0.4609375"
"20240","0.50390625","0.50390625","0.50390625"
"20260","0.6328125","0.6328125","0.6328125"
"20280","0.45703125","0.45703125","0.45703125"
"20300","0.5859375","0.5859375","0.5859375"
"20320","0.6015625","0.6015625","0.6015625"
"20340","0.68359375","0.68359375","0.68359375"
"20360","0.28515625","0.28515625","0.28515625"
"20380","0.470703125","0.470703125","0.470703125"
"20400","0.5546875","0.5546875","0.5546875"
"20420","0.7265625","0.7265625","0.7265625"
"20440","0.384765625","0.384765625","0.384765625"
"20460","0.55078125","0.55078125","0.55078125"
"20480","0.5859375","0.5859375","0.5859375"
"20500","0.734375","0.734375","0.734375"
"20520","0.490234375","0.490234375","0.490234375"
"20540","0.5390625","0.5390625","0.5390625"
"20560","0.7265625","0.7265625","0.7265625"
"20580","0.66796875","0.66796875","0.66796875"
"20600","0.52734375","0.52734375","0.52734375"
"20620","0.353515625","0.353515625","0.353515625"
"20640","0.66796875","0.66796875","0.66796875"
"20660","0.55078125","0.55078125","0.55078125"
"20680","0.59765625","0.59765625","0.59765625"
"20700","0.59375","0.59375","0.59375"
"20720","0.703125","0.703125","0.703125"
"20740","0.58984375","0.58984375","0.58984375"
"20760","0.59765625","0.59765625","0.59765625"
"20780","0.765625","0.765625","0.765625"
"20800","0.6875","0.6875","0.6875"
"20820","0.640625","0.640625","0.640625"
"20840","0.46875","0.46875","0.46875"
"20860","0.578125","0.578125","0.578125"
"20880","0.671875","0.671875","0.671875"
"20900","0.703125","0.703125","0.703125"
"20920","0.6796875","0.6796875","0.6796875"
"20940","0.55078125","0.55078125","0.55078125"
"20960","0.6953125","0.6953125","0.6953125"
"20980","0.66796875","0.66796875","0.66796875"
"21000","0.68359375","0.68359375","0.68359375"
"21020","0.4453125","0.4453125","0.4453125"
"21040","0.51953125","0.51953125","0.51953125"
"21060","0.5625","0.5625","0.5625"
"21080","0.48828125","0.48828125","0.48828125"
"21100","0.5390625","0.5390625","0.5390625"
"21120","0.625","0.625","0.625"
"21140","0.34765625","0.34765625","0.34765625"
"21160","0.578125","0.578125","0.578125"
"21180","0.65234375","0.65234375","0.65234375"
"21200","0.6796875","0.6796875","0.6796875"
"21220","0.50390625","0.50390625","0.50390625"
"21240","0.6796875","0.6796875","0.6796875"
"21260","0.63671875","0.63671875","0.63671875"
"21280","0.64453125","0.64453125","0.64453125"
"21300","0.65625","0.65625","0.65625"
"21320","0.625","0.625","0.625"
"21340","0.578125","0.578125","0.578125"
"21360","0.6171875","0.6171875","0.6171875"
"21380","0.578125","0.578125","0.578125"
"21400","0.66015625","0.66015625","0.66015625"
"21420","0.68359375","0.68359375","0.68359375"
"21440","0.45703125","0.45703125","0.45703125"
"21460","0.56640625","0.56640625","0.56640625"
"21480","0.39453125","0.39453125","0.39453125"
"21500","0.625","0.625","0.625"
"21520","0.515625","0.515625","0.515625"
"21540","0.5703125","0.5703125","0.5703125"
"21560","0.4609375","0.4609375","0.4609375"
"21580","0.7734375","0.7734375","0.7734375"
"21600","0.5859375","0.5859375","0.5859375"
"21620","0.80078125","0.80078125","0.80078125"
"21640","0.625","0.625","0.625"
"21660","0.81640625","0.81640625","0.81640625"
"21680","0.609375","0.609375","0.609375"
"21700","0.330078125","0.330078125","0.330078125"
"21720","0.62109375","0.62109375","0.62109375"
"21740","0.6796875","0.6796875","0.6796875"
"21760","0.63671875","0.63671875","0.63671875"
"21780","0.671875","0.671875","0.671875"
"21800","0.5625","0.5625","0.5625"
"21820","0.474609375","0.474609375","0.474609375"
"21840","0.6953125","0.6953125","0.6953125"
"21860","0.7109375","0.7109375","0.7109375"
"21880","0.7265625","0.7265625","0.7265625"
"21900","0.7265625","0.7265625","0.7265625"
"21920","0.75390625","0.75390625","0.75390625"
"21940","0.65625","0.65625","0.65625"
"21960","0.384765625","0.384765625","0.384765625"
"21980","0.6328125","0.6328125","0.6328125"
"22000","0.625","0.625","0.625"
"22020","0.7109375","0.7109375","0.7109375"
"22040","0.59765625","0.59765625","0.59765625"
"22060","0.5859375","0.5859375","0.5859375"
"22080","0.376953125","0.376953125","0.376953125"
"22100","0.5703125","0.5703125","0.5703125"
"22120","0.453125","0.453125","0.453125"
"22140","0.6484375","0.6484375","0.6484375"
"22160","0.57421875","0.57421875","0.57421875"
"22180","0.6640625","0.6640625","0.6640625"
"22200","0.5859375","0.5859375","0.5859375"
"22220","0.484375","0.484375","0.484375"
"22240","0.341796875","0.341796875","0.341796875"
"22260","0.515625","0.515625","0.515625"
"22280","0.53515625","0.53515625","0.53515625"
"22300","0.5","0.5","0.5"
"22320","0.375","0.375","0.375"
"22340","0.703125","0.703125","0.703125"
"22360","0.427734375","0.427734375","0.427734375"
"22380","0.8125","0.8125","0.8125"
"22400","0.54296875","0.54296875","0.54296875"
"22420","0.609375","0.609375","0.609375"
"22440","0.5625","0.5625","0.5625"
"22460","0.5625","0.5625","0.5625"
"22480","0.6328125","0.6328125","0.6328125"
"22500","0.625","0.625","0.625"
"22520","0.6640625","0.6640625","0.6640625"
"22540","0.6640625","0.6640625","0.6640625"
"22560","0.67578125","0.67578125","0.67578125"
"22580","0.42578125","0.42578125","0.42578125"
"22600","0.5546875","0.5546875","0.5546875"
"22620","0.546875","0.546875","0.546875"
"22640","0.5859375","0.5859375","0.5859375"
"22660","0.6484375","0.6484375","0.6484375"
"22680","0.7109375","0.7109375","0.7109375"
"22700","0.703125","0.703125","0.703125"
"22720","0.6171875","0.6171875","0.6171875"
"22740","0.63671875","0.63671875","0.63671875"
"22760","0.6640625","0.6640625","0.6640625"
"22780","0.47265625","0.47265625","0.47265625"
"22800","0.52734375","0.52734375","0.52734375"
"22820","0.4375","0.4375","0.4375"
"22840","0.53125","0.53125","0.53125"
"22860","0.52734375","0.52734375","0.52734375"
"22880","0.6640625","0.6640625","0.6640625"
"22900","0.671875","0.671875","0.671875"
"22920","0.365234375","0.365234375","0.365234375"
"22940","0.671875","0.671875","0.671875"
"22960","0.5625","0.5625","0.5625"
"22980","0.546875","0.546875","0.546875"
"23000","0.6328125","0.6328125","0.6328125"
"23020","0.734375","0.734375","0.734375"
"23040","0.6171875","0.6171875","0.6171875"
"23060","0.67578125","0.67578125","0.67578125"
"23080","0.5078125","0.5078125","0.5078125"
"23100","0.671875","0.671875","0.671875"
"23120","0.6171875","0.6171875","0.6171875"
"23140","0.30078125","0.30078125","0.30078125"
"23160","0.59765625","0.59765625","0.59765625"
"23180","0.625","0.625","0.625"
"23200","0.333984375","0.333984375","0.333984375"
"23220","0.484375","0.484375","0.484375"
"23240","0.6328125","0.6328125","0.6328125"
"23260","0.5","0.5","0.5"
"23280","0.40625","0.40625","0.40625"
"23300","0.65234375","0.65234375","0.65234375"
"23320","0.6015625","0.6015625","0.6015625"
"23340","0.46875","0.46875","0.46875"
"23360","0.5625","0.5625","0.5625"
"23380","0.58984375","0.58984375","0.58984375"
"23400","0.5546875","0.5546875","0.5546875"
"23420","0.40234375","0.40234375","0.40234375"
"23440","0.640625","0.640625","0.640625"
"23460","0.609375","0.609375","0.609375"
"23480","0.61328125","0.61328125","0.61328125"
"23500","0.396484375","0.396484375","0.396484375"
"23520","0.8046875","0.8046875","0.8046875"
"23540","0.61328125","0.61328125","0.61328125"
"23560","0.58984375","0.58984375","0.58984375"
"23580","0.5234375","0.5234375","0.5234375"
"23600","0.66796875","0.66796875","0.66796875"
"23620","0.4765625","0.4765625","0.4765625"
"23640","0.65625","0.65625","0.65625"
"23660","0.453125","0.453125","0.453125"
"23680","0.34765625","0.34765625","0.34765625"
"23700","0.5859375","0.5859375","0.5859375"
"23720","0.490234375","0.490234375","0.490234375"
"23740","0.6640625","0.6640625","0.6640625"
"23760","0.71484375","0.71484375","0.71484375"
"23780","0.392578125","0.392578125","0.392578125"
"23800","0.609375","0.609375","0.609375"
"23820","0.66796875","0.66796875","0.66796875"
"23840","0.7109375","0.7109375","0.7109375"
"23860","0.484375","0.484375","0.484375"
"23880","0.59375","0.59375","0.59375"
"23900","0.5703125","0.5703125","0.5703125"
"23920","0.609375","0.609375","0.609375"
"23940","0.62890625","0.62890625","0.62890625"
"23960","0.625","0.625","0.625"
"23980","0.671875","0.671875","0.671875"
"24000","0.5","0.5","0.5"
"24020","0.49609375","0.49609375","0.49609375"
"24040","0.61328125","0.61328125","0.61328125"
"24060","0.66796875","0.66796875","0.66796875"
"24080","0.54296875","0.54296875","0.54296875"
"24100","0.67578125","0.67578125","0.67578125"
"24120","0.671875","0.671875","0.671875"
"24140","0.66796875","0.66796875","0.66796875"
"24160","0.5390625","0.5390625","0.5390625"
"24180","0.5703125","0.5703125","0.5703125"
"24200","0.609375","0.609375","0.609375"
"24220","0.6171875","0.6171875","0.6171875"
"24240","0.53125","0.53125","0.53125"
"24260","0.71875","0.71875","0.71875"
"24280","0.7109375","0.7109375","0.7109375"
"24300","0.486328125","0.486328125","0.486328125"
"24320","0.6640625","0.6640625","0.6640625"
"24340","0.2734375","0.2734375","0.2734375"
"24360","0.640625","0.640625","0.640625"
"24380","0.59765625","0.59765625","0.59765625"
"24400","0.6875","0.6875","0.6875"
"24420","0.54296875","0.54296875","0.54296875"
"24440","0.51953125","0.51953125","0.51953125"
"24460","0.55859375","0.55859375","0.55859375"
"24480","0.78125","0.78125","0.78125"
"24500","0.40234375","0.40234375","0.40234375"
"24520","0.7265625","0.7265625","0.7265625"
"24540","0.640625","0.640625","0.640625"
"24560","0.6328125","0.6328125","0.6328125"
"24580","0.5234375","0.5234375","0.5234375"
"24600","0.64453125","0.64453125","0.64453125"
"24620","0.6875","0.6875","0.6875"
"24640","0.4453125","0.4453125","0.4453125"
"24660","0.7265625","0.7265625","0.7265625"
"24680","0.51171875","0.51171875","0.51171875"
"24700","0.640625","0.640625","0.640625"
"24720","0.5625","0.5625","0.5625"
"24740","0.41796875","0.41796875","0.41796875"
"24760","0.625","0.625","0.625"
"24780","0.353515625","0.353515625","0.353515625"
"24800","0.6484375","0.6484375","0.6484375"
"24820","0.65625","0.65625","0.65625"
"24840","0.68359375","0.68359375","0.68359375"
"24860","0.48828125","0.48828125","0.48828125"
"24880","0.498046875","0.498046875","0.498046875"
"24900","0.443359375","0.443359375","0.443359375"
"24920","0.51953125","0.51953125","0.51953125"
"24940","0.609375","0.609375","0.609375"
"24960","0.7421875","0.7421875","0.7421875"
"24980","0.75","0.75","0.75"
"25000","0.7109375","0.7109375","0.7109375"
"25020","0.58984375","0.58984375","0.58984375"
"25040","0.71875","0.71875","0.71875"
"25060","0.625","0.625","0.625"
"25080","0.7109375","0.7109375","0.7109375"
"25100","0.5390625","0.5390625","0.5390625"
"25120","0.7265625","0.7265625","0.7265625"
"25140","0.54296875","0.54296875","0.54296875"
"25160","0.72265625","0.72265625","0.72265625"
"25180","0.6328125","0.6328125","0.6328125"
"25200","0.6875","0.6875","0.6875"
"25220","0.50390625","0.50390625","0.50390625"
"25240","0.7109375","0.7109375","0.7109375"
"25260","0.412109375","0.412109375","0.412109375"
"25280","0.6328125","0.6328125","0.6328125"
"25300","0.640625","0.640625","0.640625"
"25320","0.69140625","0.69140625","0.69140625"
"25340","0.6875","0.6875","0.6875"
"25360","0.765625","0.765625","0.765625"
"25380","0.458984375","0.458984375","0.458984375"
"25400","0.734375","0.734375","0.734375"
"25420","0.50390625","0.50390625","0.50390625"
"25440","0.609375","0.609375","0.609375"
"25460","0.5703125","0.5703125","0.5703125"
"25480","0.71484375","0.71484375","0.71484375"
"25500","0.58984375","0.58984375","0.58984375"
"25520","0.5","0.5","0.5"
"25540","0.72265625","0.72265625","0.72265625"
"25560","0.388671875","0.388671875","0.388671875"
"25580","0.314453125","0.314453125","0.314453125"
"25600","0.66796875","0.66796875","0.66796875"
"25620","0.40234375","0.40234375","0.40234375"
"25640","0.58984375","0.58984375","0.58984375"
"25660","0.765625","0.765625","0.765625"
"25680","0.6171875","0.6171875","0.6171875"
"25700","0.7421875","0.7421875","0.7421875"
"25720","0.4140625","0.4140625","0.4140625"
"25740","0.578125","0.578125","0.578125"
"25760","0.52734375","0.52734375","0.52734375"
"25780","0.66015625","0.66015625","0.66015625"
"25800","0.60546875","0.60546875","0.60546875"
"25820","0.6171875","0.6171875","0.6171875"
"25840","0.625","0.625","0.625"
"25860","0.5546875","0.5546875","0.5546875"
"25880","0.53125","0.53125","0.53125"
"25900","0.53125","0.53125","0.53125"
"25920","0.470703125","0.470703125","0.470703125"
"25940","0.62890625","0.62890625","0.62890625"
"25960","0.671875","0.671875","0.671875"
"25980","0.6953125","0.6953125","0.6953125"
"26000","0.59375","0.59375","0.59375"
"26020","0.6953125","0.6953125","0.6953125"
"26040","0.62109375","0.62109375","0.62109375"
"26060","0.7265625","0.7265625","0.7265625"
"26080","0.6796875","0.6796875","0.6796875"
"26100","0.54296875","0.54296875","0.54296875"
"26120","0.52734375","0.52734375","0.52734375"
"26140","0.65625","0.65625","0.65625"
"26160","0.578125","0.578125","0.578125"
"26180","0.71484375","0.71484375","0.71484375"
"26200","0.6875","0.6875","0.6875"
"26220","0.40625","0.40625","0.40625"
"26240","0.55078125","0.55078125","0.55078125"
"26260","0.66796875","0.66796875","0.66796875"
"26280","0.52734375","0.52734375","0.52734375"
"26300","0.7421875","0.7421875","0.7421875"
"26320","0.5078125","0.5078125","0.5078125"
"26340","0.6484375","0.6484375","0.6484375"
"26360","0.361328125","0.361328125","0.361328125"
"26380","0.5859375","0.5859375","0.5859375"
"26400","0.5859375","0.5859375","0.5859375"
"26420","0.75390625","0.75390625","0.75390625"
"26440","0.7265625","0.7265625","0.7265625"
"26460","0.72265625","0.72265625","0.72265625"
"26480","0.60546875","0.60546875","0.60546875"
"26500","0.65625","0.65625","0.65625"
"26520","0.5078125","0.5078125","0.5078125"
"26540","0.44140625","0.44140625","0.44140625"
"26560","0.5546875","0.5546875","0.5546875"
"26580","0.578125","0.578125","0.578125"
"26600","0.51171875","0.51171875","0.51171875"
"26620","0.69140625","0.69140625","0.69140625"
"26640","0.6171875","0.6171875","0.6171875"
"26660","0.5390625","0.5390625","0.5390625"
"26680","0.6796875","0.6796875","0.6796875"
"26700","0.6796875","0.6796875","0.6796875"
"26720","0.7109375","0.7109375","0.7109375"
"26740","0.6953125","0.6953125","0.6953125"
"26760","0.625","0.625","0.625"
"26780","0.51171875","0.51171875","0.51171875"
"26800","0.6484375","0.6484375","0.6484375"
"26820","0.64453125","0.64453125","0.64453125"
"26840","0.69921875","0.69921875","0.69921875"
"26860","0.5859375","0.5859375","0.5859375"
"26880","0.5","0.5","0.5"
"26900","0.6171875","0.6171875","0.6171875"
"26920","0.5390625","0.5390625","0.5390625"
"26940","0.67578125","0.67578125","0.67578125"
"26960","0.65625","0.65625","0.65625"
"26980","0.78515625","0.78515625","0.78515625"
"27000","0.6640625","0.6640625","0.6640625"
"27020","0.7109375","0.7109375","0.7109375"
"27040","0.671875","0.671875","0.671875"
"27060","0.59375","0.59375","0.59375"
"27080","0.64453125","0.64453125","0.64453125"
"27100","0.48046875","0.48046875","0.48046875"
"27120","0.5390625","0.5390625","0.5390625"
"27140","0.41796875","0.41796875","0.41796875"
"27160","0.61328125","0.61328125","0.61328125"
"27180","0.6640625","0.6640625","0.6640625"
"27200","0.609375","0.609375","0.609375"
"27220","0.5625","0.5625","0.5625"
"27240","0.4921875","0.4921875","0.4921875"
"27260","0.40625","0.40625","0.40625"
"27280","0.65625","0.65625","0.65625"
"27300","0.416015625","0.416015625","0.416015625"
"27320","0.69140625","0.69140625","0.69140625"
"27340","0.75390625","0.75390625","0.75390625"
"27360","0.7109375","0.7109375","0.7109375"
"27380","0.3046875","0.3046875","0.3046875"
"27400","0.69921875","0.69921875","0.69921875"