"Step","deep-planet-14 - effective_dim","deep-planet-14 - effective_dim__MIN","deep-planet-14 - effective_dim__MAX"
"0","296","296","296"
"10","360","360","360"
"20","392","392","392"
"30","364","364","364"
"40","320","320","320"
"50","392","392","392"
"60","370","370","370"
"70","420","420","420"
"80","408","408","408"
"90","358","358","358"
"100","274","274","274"
"110","388","388","388"
"120","344","344","344"
"130","376","376","376"
"140","418","418","418"
"150","318","318","318"
"160","370","370","370"
"170","362","362","362"
"180","326","326","326"
"190","412","412","412"
"200","322","322","322"
"210","404","404","404"
"220","388","388","388"
"230","322","322","322"
"240","384","384","384"
"250","364","364","364"
"260","352","352","352"
"270","386","386","386"
"280","336","336","336"
"290","420","420","420"
"300","386","386","386"
"310","350","350","350"
"320","428","428","428"
"330","388","388","388"
"340","394","394","394"
"350","386","386","386"
"360","402","402","402"
"370","330","330","330"
"380","376","376","376"
"390","336","336","336"
"400","398","398","398"
"410","358","358","358"
"420","388","388","388"
"430","350","350","350"
"440","452","452","452"
"450","384","384","384"
"460","418","418","418"
"470","388","388","388"
"480","414","414","414"
"490","378","378","378"
"500","426","426","426"
"510","372","372","372"
"520","420","420","420"
"530","418","418","418"
"540","442","442","442"
"550","452","452","452"
"560","448","448","448"
"570","410","410","410"
"580","390","390","390"
"590","364","364","364"
"600","414","414","414"
"610","456","456","456"
"620","408","408","408"
"630","458","458","458"
"640","440","440","440"
"650","374","374","374"
"660","448","448","448"
"670","426","426","426"
"680","442","442","442"
"690","478","478","478"
"700","468","468","468"
"710","440","440","440"
"720","422","422","422"
"730","468","468","468"
"740","478","478","478"
"750","408","408","408"
"760","404","404","404"
"770","426","426","426"
"780","388","388","388"
"790","496","496","496"
"800","474","474","474"
"810","474","474","474"
"820","386","386","386"
"830","428","428","428"
"840","414","414","414"
"850","432","432","432"
"860","504","504","504"
"870","492","492","492"
"880","486","486","486"
"890","452","452","452"
"900","448","448","448"
"910","490","490","490"
"920","436","436","436"
"930","414","414","414"
"940","472","472","472"
"950","422","422","422"
"960","456","456","456"
"970","448","448","448"
"980","496","496","496"
"990","440","440","440"
"1000","524","524","524"
"1010","462","462","462"
"1020","436","436","436"
"1030","492","492","492"
"1040","500","500","500"
"1050","448","448","448"
"1060","496","496","496"
"1070","428","428","428"
"1080","478","478","478"
"1090","520","520","520"
"1100","440","440","440"
"1110","478","478","478"
"1120","462","462","462"
"1130","384","384","384"
"1140","486","486","486"
"1150","358","358","358"
"1160","346","346","346"
"1170","496","496","496"
"1180","372","372","372"
"1190","468","468","468"
"1200","342","342","342"
"1210","414","414","414"
"1220","362","362","362"
"1230","528","528","528"
"1240","400","400","400"
"1250","316","316","316"
"1260","394","394","394"
"1270","464","464","464"
"1280","398","398","398"
"1290","360","360","360"
"1300","446","446","446"
"1310","478","478","478"
"1320","426","426","426"
"1330","508","508","508"
"1340","364","364","364"
"1350","360","360","360"
"1360","390","390","390"
"1370","492","492","492"
"1380","330","330","330"
"1390","414","414","414"
"1400","306","306","306"
"1410","452","452","452"
"1420","334","334","334"
"1430","306","306","306"
"1440","352","352","352"
"1450","326","326","326"
"1460","282","282","282"
"1470","440","440","440"
"1480","508","508","508"
"1490","400","400","400"
"1500","452","452","452"
"1510","296","296","296"
"1520","402","402","402"
"1530","418","418","418"
"1540","394","394","394"
"1550","306","306","306"
"1560","426","426","426"
"1570","490","490","490"
"1580","384","384","384"
"1590","278","278","278"
"1600","404","404","404"
"1610","324","324","324"
"1620","342","342","342"
"1630","306","306","306"
"1640","336","336","336"
"1650","348","348","348"
"1660","468","468","468"
"1670","386","386","386"
"1680","262","262","262"
"1690","376","376","376"
"1700","300","300","300"
"1710","372","372","372"
"1720","304","304","304"
"1730","366","366","366"
"1740","296","296","296"
"1750","316","316","316"
"1760","284","284","284"
"1770","420","420","420"
"1780","352","352","352"
"1790","446","446","446"
"1800","294","294","294"
"1810","386","386","386"
"1820","370","370","370"
"1830","404","404","404"
"1840","378","378","378"
"1850","432","432","432"
"1860","446","446","446"
"1870","296","296","296"
"1880","310","310","310"
"1890","362","362","362"
"1900","468","468","468"
"1910","328","328","328"
"1920","274","274","274"
"1930","260","260","260"
"1940","372","372","372"
"1950","342","342","342"
"1960","284","284","284"
"1970","360","360","360"
"1980","300","300","300"
"1990","408","408","408"
"2000","464","464","464"
"2010","274","274","274"
"2020","468","468","468"
"2030","496","496","496"
"2040","446","446","446"
"2050","302","302","302"
"2060","356","356","356"
"2070","245","245","245"
"2080","322","322","322"
"2090","410","410","410"
"2100","346","346","346"
"2110","282","282","282"
"2120","434","434","434"
"2130","266","266","266"
"2140","260","260","260"
"2150","354","354","354"
"2160","324","324","324"
"2170","266","266","266"
"2180","306","306","306"
"2190","354","354","354"
"2200","312","312","312"
"2210","243","243","243"
"2220","288","288","288"
"2230","462","462","462"
"2240","258","258","258"
"2250","376","376","376"
"2260","352","352","352"
"2270","338","338","338"
"2280","326","326","326"
"2290","328","328","328"
"2300","270","270","270"
"2310","246","246","246"
"2320","316","316","316"
"2330","276","276","276"
"2340","330","330","330"
"2350","266","266","266"
"2360","346","346","346"
"2370","344","344","344"
"2380","366","366","366"
"2390","334","334","334"
"2400","368","368","368"
"2410","322","322","322"
"2420","298","298","298"
"2430","239","239","239"
"2440","408","408","408"
"2450","306","306","306"
"2460","258","258","258"
"2470","262","262","262"
"2480","264","264","264"
"2490","232","232","232"
"2500","232","232","232"
"2510","390","390","390"
"2520","386","386","386"
"2530","302","302","302"
"2540","264","264","264"
"2550","318","318","318"
"2560","344","344","344"
"2570","356","356","356"
"2580","290","290","290"
"2590","243","243","243"
"2600","310","310","310"
"2610","276","276","276"
"2620","241","241","241"
"2630","292","292","292"
"2640","312","312","312"
"2650","320","320","320"
"2660","250","250","250"
"2670","229","229","229"
"2680","340","340","340"
"2690","310","310","310"
"2700","310","310","310"
"2710","322","322","322"
"2720","264","264","264"
"2730","322","322","322"
"2740","234","234","234"
"2750","260","260","260"
"2760","288","288","288"
"2770","350","350","350"
"2780","300","300","300"
"2790","252","252","252"
"2800","330","330","330"
"2810","316","316","316"
"2820","258","258","258"
"2830","239","239","239"
"2840","338","338","338"
"2850","234","234","234"
"2860","330","330","330"
"2870","252","252","252"
"2880","270","270","270"
"2890","252","252","252"
"2900","300","300","300"
"2910","232","232","232"
"2920","250","250","250"
"2930","223","223","223"
"2940","292","292","292"
"2950","312","312","312"
"2960","224","224","224"
"2970","243","243","243"
"2980","300","300","300"
"2990","237","237","237"
"3000","316","316","316"
"3010","344","344","344"
"3020","316","316","316"
"3030","334","334","334"
"3040","300","300","300"
"3050","342","342","342"
"3060","304","304","304"
"3070","310","310","310"
"3080","250","250","250"
"3090","262","262","262"
"3100","314","314","314"
"3110","310","310","310"
"3120","308","308","308"
"3130","264","264","264"
"3140","304","304","304"
"3150","316","316","316"
"3160","264","264","264"
"3170","256","256","256"
"3180","304","304","304"
"3190","316","316","316"
"3200","292","292","292"
"3210","304","304","304"
"3220","304","304","304"
"3230","316","316","316"
"3240","254","254","254"
"3250","245","245","245"
"3260","241","241","241"
"3270","256","256","256"
"3280","304","304","304"
"3290","239","239","239"
"3300","260","260","260"
"3310","260","260","260"
"3320","266","266","266"
"3330","340","340","340"
"3340","312","312","312"
"3350","258","258","258"
"3360","260","260","260"
"3370","316","316","316"
"3380","288","288","288"
"3390","310","310","310"
"3400","270","270","270"
"3410","316","316","316"
"3420","262","262","262"
"3430","228","228","228"
"3440","254","254","254"
"3450","250","250","250"
"3460","316","316","316"
"3470","254","254","254"
"3480","256","256","256"
"3490","270","270","270"
"3500","262","262","262"
"3510","296","296","296"
"3520","308","308","308"
"3530","274","274","274"
"3540","328","328","328"
"3550","322","322","322"
"3560","326","326","326"
"3570","304","304","304"
"3580","316","316","316"
"3590","260","260","260"
"3600","316","316","316"
"3610","262","262","262"
"3620","310","310","310"
"3630","306","306","306"
"3640","322","322","322"
"3650","330","330","330"
"3660","310","310","310"
"3670","322","322","322"
"3680","328","328","328"
"3690","296","296","296"
"3700","270","270","270"
"3710","248","248","248"
"3720","278","278","278"
"3730","330","330","330"
"3740","245","245","245"
"3750","288","288","288"
"3760","260","260","260"
"3770","292","292","292"
"3780","316","316","316"
"3790","318","318","318"
"3800","320","320","320"
"3810","304","304","304"
"3820","266","266","266"
"3830","304","304","304"
"3840","260","260","260"
"3850","304","304","304"
"3860","308","308","308"
"3870","326","326","326"
"3880","306","306","306"
"3890","274","274","274"
"3900","270","270","270"
"3910","316","316","316"
"3920","292","292","292"
"3930","306","306","306"
"3940","310","310","310"
"3950","268","268","268"
"3960","322","322","322"
"3970","266","266","266"
"3980","320","320","320"
"3990","292","292","292"
"4000","288","288","288"
"4010","270","270","270"
"4020","310","310","310"
"4030","304","304","304"
"4040","310","310","310"
"4050","274","274","274"
"4060","328","328","328"
"4070","258","258","258"
"4080","324","324","324"
"4090","276","276","276"
"4100","316","316","316"
"4110","304","304","304"
"4120","326","326","326"
"4130","320","320","320"
"4140","322","322","322"
"4150","298","298","298"
"4160","306","306","306"
"4170","278","278","278"
"4180","268","268","268"
"4190","322","322","322"
"4200","318","318","318"
"4210","304","304","304"
"4220","310","310","310"
"4230","322","322","322"
"4240","320","320","320"
"4250","276","276","276"
"4260","282","282","282"
"4270","292","292","292"
"4280","276","276","276"
"4290","308","308","308"
"4300","308","308","308"
"4310","296","296","296"
"4320","324","324","324"
"4330","316","316","316"
"4340","336","336","336"
"4350","284","284","284"
"4360","284","284","284"
"4370","284","284","284"
"4380","296","296","296"
"4390","316","316","316"
"4400","308","308","308"
"4410","284","284","284"
"4420","91.5","91.5","91.5"
"4430","146","146","146"
"4440","226","226","226"
"4450","243","243","243"
"4460","260","260","260"
"4470","296","296","296"
"4480","256","256","256"
"4490","286","286","286"
"4500","292","292","292"
"4510","304","304","304"
"4520","292","292","292"
"4530","274","274","274"
"4540","290","290","290"
"4550","312","312","312"
"4560","316","316","316"
"4570","296","296","296"
"4580","284","284","284"
"4590","245","245","245"
"4600","252","252","252"
"4610","330","330","330"
"4620","284","284","284"
"4630","312","312","312"
"4640","262","262","262"
"4650","308","308","308"
"4660","330","330","330"
"4670","280","280","280"
"4680","284","284","284"
"4690","304","304","304"
"4700","306","306","306"
"4710","250","250","250"
"4720","304","304","304"
"4730","280","280","280"
"4740","304","304","304"
"4750","326","326","326"
"4760","296","296","296"
"4770","304","304","304"
"4780","276","276","276"
"4790","330","330","330"
"4800","304","304","304"
"4810","282","282","282"
"4820","302","302","302"
"4830","288","288","288"
"4840","298","298","298"
"4850","224","224","224"
"4860","258","258","258"
"4870","246","246","246"
"4880","300","300","300"
"4890","278","278","278"
"4900","276","276","276"
"4910","276","276","276"
"4920","248","248","248"
"4930","280","280","280"
"4940","310","310","310"
"4950","278","278","278"
"4960","260","260","260"
"4970","304","304","304"
"4980","288","288","288"
"4990","298","298","298"
"5000","278","278","278"
"5010","300","300","300"
"5020","284","284","284"
"5030","292","292","292"
"5040","308","308","308"
"5050","302","302","302"
"5060","310","310","310"
"5070","312","312","312"
"5080","292","292","292"
"5090","270","270","270"
"5100","256","256","256"
"5110","296","296","296"
"5120","298","298","298"
"5130","296","296","296"
"5140","256","256","256"
"5150","286","286","286"
"5160","288","288","288"
"5170","270","270","270"
"5180","284","284","284"
"5190","336","336","336"
"5200","290","290","290"
"5210","250","250","250"
"5220","276","276","276"
"5230","314","314","314"
"5240","318","318","318"
"5250","308","308","308"
"5260","284","284","284"
"5270","304","304","304"
"5280","288","288","288"
"5290","300","300","300"
"5300","314","314","314"
"5310","286","286","286"
"5320","300","300","300"
"5330","276","276","276"
"5340","316","316","316"
"5350","300","300","300"
"5360","278","278","278"
"5370","280","280","280"
"5380","306","306","306"
"5390","318","318","318"
"5400","300","300","300"
"5410","302","302","302"
"5420","292","292","292"
"5430","254","254","254"
"5440","288","288","288"
"5450","296","296","296"
"5460","268","268","268"
"5470","304","304","304"
"5480","246","246","246"
"5490","308","308","308"
"5500","312","312","312"
"5510","274","274","274"
"5520","328","328","328"
"5530","324","324","324"
"5540","324","324","324"
"5550","322","322","322"
"5560","316","316","316"
"5570","296","296","296"
"5580","336","336","336"
"5590","290","290","290"
"5600","290","290","290"
"5610","340","340","340"
"5620","290","290","290"
"5630","324","324","324"
"5640","282","282","282"
"5650","300","300","300"
"5660","296","296","296"
"5670","304","304","304"
"5680","310","310","310"
"5690","296","296","296"
"5700","310","310","310"
"5710","284","284","284"
"5720","308","308","308"
"5730","322","322","322"
"5740","298","298","298"
"5750","336","336","336"
"5760","320","320","320"
"5770","324","324","324"
"5780","290","290","290"
"5790","344","344","344"
"5800","300","300","300"
"5810","308","308","308"
"5820","266","266","266"
"5830","316","316","316"
"5840","276","276","276"
"5850","264","264","264"
"5860","290","290","290"
"5870","310","310","310"
"5880","330","330","330"
"5890","322","322","322"
"5900","288","288","288"
"5910","306","306","306"
"5920","264","264","264"
"5930","296","296","296"
"5940","300","300","300"
"5950","334","334","334"
"5960","252","252","252"
"5970","316","316","316"
"5980","344","344","344"
"5990","312","312","312"
"6000","274","274","274"
"6010","282","282","282"
"6020","328","328","328"
"6030","310","310","310"
"6040","282","282","282"
"6050","286","286","286"
"6060","256","256","256"
"6070","294","294","294"
"6080","292","292","292"
"6090","334","334","334"
"6100","304","304","304"
"6110","320","320","320"
"6120","292","292","292"
"6130","294","294","294"
"6140","316","316","316"
"6150","344","344","344"
"6160","346","346","346"
"6170","312","312","312"
"6180","318","318","318"
"6190","322","322","322"
"6200","304","304","304"
"6210","298","298","298"
"6220","288","288","288"
"6230","320","320","320"
"6240","302","302","302"
"6250","322","322","322"
"6260","328","328","328"
"6270","320","320","320"
"6280","326","326","326"
"6290","342","342","342"
"6300","338","338","338"
"6310","304","304","304"
"6320","300","300","300"
"6330","312","312","312"
"6340","308","308","308"
"6350","318","318","318"
"6360","356","356","356"
"6370","262","262","262"
"6380","320","320","320"
"6390","310","310","310"
"6400","330","330","330"
"6410","330","330","330"
"6420","296","296","296"
"6430","270","270","270"
"6440","314","314","314"
"6450","316","316","316"
"6460","304","304","304"
"6470","314","314","314"
"6480","304","304","304"
"6490","298","298","298"
"6500","294","294","294"
"6510","322","322","322"
"6520","302","302","302"
"6530","332","332","332"
"6540","330","330","330"
"6550","354","354","354"
"6560","338","338","338"
"6570","290","290","290"
"6580","316","316","316"
"6590","316","316","316"
"6600","280","280","280"
"6610","284","284","284"
"6620","316","316","316"
"6630","272","272","272"
"6640","306","306","306"
"6650","320","320","320"
"6660","306","306","306"
"6670","344","344","344"
"6680","320","320","320"
"6690","322","322","322"
"6700","322","322","322"
"6710","308","308","308"
"6720","312","312","312"
"6730","332","332","332"
"6740","320","320","320"
"6750","304","304","304"
"6760","310","310","310"
"6770","328","328","328"
"6780","270","270","270"
"6790","330","330","330"
"6800","330","330","330"
"6810","268","268","268"
"6820","272","272","272"
"6830","302","302","302"
"6840","310","310","310"
"6850","318","318","318"
"6860","306","306","306"
"6870","296","296","296"
"6880","314","314","314"
"6890","310","310","310"
"6900","322","322","322"
"6910","332","332","332"
"6920","332","332","332"
"6930","348","348","348"
"6940","324","324","324"
"6950","330","330","330"
"6960","326","326","326"
"6970","352","352","352"
"6980","312","312","312"
"6990","304","304","304"
"7000","334","334","334"
"7010","332","332","332"
"7020","316","316","316"
"7030","344","344","344"
"7040","300","300","300"
"7050","298","298","298"
"7060","312","312","312"
"7070","304","304","304"
"7080","322","322","322"
"7090","328","328","328"
"7100","334","334","334"
"7110","350","350","350"
"7120","294","294","294"
"7130","298","298","298"
"7140","334","334","334"
"7150","354","354","354"
"7160","336","336","336"
"7170","282","282","282"
"7180","308","308","308"
"7190","260","260","260"
"7200","264","264","264"
"7210","268","268","268"
"7220","248","248","248"
"7230","290","290","290"
"7240","262","262","262"
"7250","304","304","304"
"7260","296","296","296"
"7270","340","340","340"
"7280","322","322","322"
"7290","278","278","278"
"7300","300","300","300"
"7310","304","304","304"
"7320","346","346","346"
"7330","344","344","344"
"7340","304","304","304"
"7350","300","300","300"
"7360","302","302","302"
"7370","282","282","282"
"7380","352","352","352"
"7390","310","310","310"
"7400","318","318","318"
"7410","246","246","246"
"7420","278","278","278"
"7430","316","316","316"
"7440","324","324","324"
"7450","348","348","348"
"7460","288","288","288"
"7470","276","276","276"
"7480","328","328","328"
"7490","342","342","342"
"7500","350","350","350"
"7510","231","231","231"
"7520","338","338","338"
"7530","310","310","310"
"7540","324","324","324"
"7550","340","340","340"
"7560","312","312","312"
"7570","310","310","310"
"7580","318","318","318"
"7590","316","316","316"
"7600","306","306","306"
"7610","314","314","314"
"7620","296","296","296"
"7630","314","314","314"
"7640","344","344","344"
"7650","310","310","310"
"7660","324","324","324"
"7670","290","290","290"
"7680","300","300","300"
"7690","296","296","296"
"7700","306","306","306"
"7710","270","270","270"
"7720","320","320","320"
"7730","320","320","320"
"7740","294","294","294"
"7750","304","304","304"
"7760","308","308","308"
"7770","332","332","332"
"7780","330","330","330"
"7790","326","326","326"
"7800","304","304","304"
"7810","320","320","320"
"7820","258","258","258"
"7830","308","308","308"
"7840","310","310","310"
"7850","310","310","310"
"7860","302","302","302"
"7870","318","318","318"
"7880","304","304","304"
"7890","322","322","322"
"7900","330","330","330"
"7910","354","354","354"
"7920","340","340","340"
"7930","304","304","304"
"7940","332","332","332"
"7950","320","320","320"
"7960","314","314","314"
"7970","342","342","342"
"7980","344","344","344"
"7990","340","340","340"
"8000","344","344","344"
"8010","310","310","310"
"8020","326","326","326"
"8030","342","342","342"
"8040","322","322","322"
"8050","340","340","340"
"8060","300","300","300"
"8070","312","312","312"
"8080","300","300","300"
"8090","324","324","324"
"8100","332","332","332"
"8110","364","364","364"
"8120","354","354","354"
"8130","332","332","332"
"8140","338","338","338"
"8150","316","316","316"
"8160","328","328","328"
"8170","286","286","286"
"8180","308","308","308"
"8190","318","318","318"
"8200","306","306","306"
"8210","328","328","328"
"8220","354","354","354"
"8230","328","328","328"
"8240","318","318","318"
"8250","334","334","334"
"8260","318","318","318"
"8270","312","312","312"
"8280","342","342","342"
"8290","322","322","322"
"8300","332","332","332"
"8310","318","318","318"
"8320","324","324","324"
"8330","296","296","296"
"8340","300","300","300"
"8350","350","350","350"
"8360","338","338","338"
"8370","264","264","264"
"8380","316","316","316"
"8390","324","324","324"
"8400","342","342","342"
"8410","322","322","322"
"8420","306","306","306"
"8430","356","356","356"
"8440","330","330","330"
"8450","324","324","324"
"8460","340","340","340"
"8470","370","370","370"
"8480","346","346","346"
"8490","330","330","330"
"8500","330","330","330"
"8510","322","322","322"
"8520","310","310","310"
"8530","330","330","330"
"8540","344","344","344"
"8550","312","312","312"
"8560","304","304","304"
"8570","304","304","304"
"8580","318","318","318"
"8590","322","322","322"
"8600","340","340","340"
"8610","316","316","316"
"8620","288","288","288"
"8630","330","330","330"
"8640","354","354","354"
"8650","296","296","296"
"8660","320","320","320"
"8670","362","362","362"
"8680","312","312","312"
"8690","350","350","350"
"8700","354","354","354"
"8710","328","328","328"
"8720","294","294","294"
"8730","270","270","270"
"8740","344","344","344"
"8750","340","340","340"
"8760","318","318","318"
"8770","342","342","342"
"8780","354","354","354"
"8790","342","342","342"
"8800","276","276","276"
"8810","276","276","276"
"8820","318","318","318"
"8830","330","330","330"
"8840","312","312","312"
"8850","320","320","320"
"8860","346","346","346"
"8870","332","332","332"
"8880","332","332","332"
"8890","322","322","322"
"8900","350","350","350"
"8910","358","358","358"
"8920","346","346","346"
"8930","342","342","342"
"8940","346","346","346"
"8950","354","354","354"
"8960","298","298","298"
"8970","334","334","334"
"8980","288","288","288"
"8990","344","344","344"
"9000","322","322","322"
"9010","262","262","262"
"9020","272","272","272"
"9030","296","296","296"
"9040","322","322","322"
"9050","338","338","338"
"9060","342","342","342"
"9070","330","330","330"
"9080","338","338","338"
"9090","360","360","360"
"9100","324","324","324"
"9110","288","288","288"
"9120","310","310","310"
"9130","316","316","316"
"9140","314","314","314"
"9150","292","292","292"
"9160","322","322","322"
"9170","350","350","350"
"9180","322","322","322"
"9190","340","340","340"
"9200","334","334","334"
"9210","322","322","322"
"9220","348","348","348"
"9230","354","354","354"
"9240","326","326","326"
"9250","304","304","304"
"9260","316","316","316"
"9270","342","342","342"
"9280","328","328","328"
"9290","318","318","318"
"9300","314","314","314"
"9310","324","324","324"
"9320","358","358","358"
"9330","334","334","334"
"9340","320","320","320"
"9350","282","282","282"
"9360","320","320","320"
"9370","344","344","344"
"9380","350","350","350"
"9390","322","322","322"
"9400","352","352","352"
"9410","306","306","306"
"9420","356","356","356"
"9430","322","322","322"
"9440","320","320","320"
"9450","296","296","296"
"9460","322","322","322"
"9470","328","328","328"
"9480","302","302","302"
"9490","330","330","330"
"9500","252","252","252"
"9510","346","346","346"
"9520","344","344","344"
"9530","348","348","348"
"9540","346","346","346"
"9550","340","340","340"
"9560","310","310","310"
"9570","290","290","290"
"9580","342","342","342"
"9590","308","308","308"
"9600","348","348","348"
"9610","344","344","344"
"9620","364","364","364"
"9630","334","334","334"
"9640","360","360","360"
"9650","304","304","304"
"9660","330","330","330"
"9670","306","306","306"
"9680","320","320","320"
"9690","310","310","310"
"9700","260","260","260"
"9710","320","320","320"
"9720","320","320","320"
"9730","312","312","312"
"9740","330","330","330"
"9750","318","318","318"
"9760","358","358","358"
"9770","356","356","356"
"9780","324","324","324"
"9790","270","270","270"
"9800","302","302","302"
"9810","354","354","354"
"9820","326","326","326"
"9830","332","332","332"
"9840","276","276","276"
"9850","322","322","322"
"9860","310","310","310"
"9870","366","366","366"
"9880","318","318","318"
"9890","292","292","292"
"9900","342","342","342"
"9910","344","344","344"
"9920","320","320","320"
"9930","328","328","328"
"9940","256","256","256"
"9950","358","358","358"
"9960","312","312","312"
"9970","360","360","360"
"9980","308","308","308"
"9990","338","338","338"
"10000","348","348","348"
"10010","350","350","350"
"10020","336","336","336"
"10030","318","318","318"
"10040","336","336","336"
"10050","306","306","306"
"10060","366","366","366"
"10070","364","364","364"
"10080","304","304","304"
"10090","334","334","334"
"10100","368","368","368"
"10110","344","344","344"
"10120","322","322","322"
"10130","340","340","340"
"10140","312","312","312"
"10150","320","320","320"
"10160","336","336","336"
"10170","356","356","356"
"10180","362","362","362"
"10190","342","342","342"
"10200","334","334","334"
"10210","344","344","344"
"10220","332","332","332"
"10230","384","384","384"
"10240","334","334","334"
"10250","342","342","342"
"10260","354","354","354"
"10270","348","348","348"
"10280","298","298","298"
"10290","330","330","330"
"10300","324","324","324"
"10310","326","326","326"
"10320","292","292","292"
"10330","260","260","260"
"10340","280","280","280"
"10350","280","280","280"
"10360","316","316","316"
"10370","334","334","334"
"10380","334","334","334"
"10390","322","322","322"
"10400","330","330","330"
"10410","318","318","318"
"10420","314","314","314"
"10430","336","336","336"
"10440","314","314","314"
"10450","306","306","306"
"10460","300","300","300"
"10470","276","276","276"
"10480","338","338","338"
"10490","310","310","310"
"10500","318","318","318"
"10510","322","322","322"
"10520","324","324","324"
"10530","314","314","314"
"10540","324","324","324"
"10550","356","356","356"
"10560","346","346","346"
"10570","326","326","326"
"10580","310","310","310"
"10590","310","310","310"
"10600","288","288","288"
"10610","328","328","328"
"10620","330","330","330"
"10630","260","260","260"
"10640","314","314","314"
"10650","350","350","350"
"10660","344","344","344"
"10670","336","336","336"
"10680","344","344","344"
"10690","320","320","320"
"10700","318","318","318"
"10710","276","276","276"
"10720","362","362","362"
"10730","286","286","286"
"10740","316","316","316"
"10750","306","306","306"
"10760","344","344","344"
"10770","304","304","304"
"10780","300","300","300"
"10790","344","344","344"
"10800","282","282","282"
"10810","332","332","332"
"10820","344","344","344"
"10830","346","346","346"
"10840","332","332","332"
"10850","296","296","296"
"10860","286","286","286"
"10870","324","324","324"
"10880","376","376","376"
"10890","370","370","370"
"10900","318","318","318"
"10910","324","324","324"
"10920","328","328","328"
"10930","322","322","322"
"10940","290","290","290"
"10950","320","320","320"
"10960","352","352","352"
"10970","322","322","322"
"10980","336","336","336"
"10990","272","272","272"
"11000","298","298","298"
"11010","314","314","314"
"11020","308","308","308"
"11030","328","328","328"
"11040","330","330","330"
"11050","298","298","298"
"11060","344","344","344"
"11070","300","300","300"
"11080","300","300","300"
"11090","300","300","300"
"11100","330","330","330"
"11110","276","276","276"
"11120","354","354","354"
"11130","348","348","348"
"11140","330","330","330"
"11150","310","310","310"
"11160","312","312","312"
"11170","223","223","223"
"11180","316","316","316"
"11190","326","326","326"
"11200","342","342","342"
"11210","344","344","344"
"11220","344","344","344"
"11230","330","330","330"
"11240","344","344","344"
"11250","342","342","342"
"11260","266","266","266"
"11270","322","322","322"
"11280","354","354","354"
"11290","356","356","356"
"11300","362","362","362"
"11310","330","330","330"
"11320","356","356","356"
"11330","344","344","344"
"11340","334","334","334"
"11350","304","304","304"
"11360","346","346","346"
"11370","298","298","298"
"11380","294","294","294"
"11390","320","320","320"
"11400","320","320","320"
"11410","296","296","296"
"11420","356","356","356"
"11430","328","328","328"
"11440","314","314","314"
"11450","348","348","348"
"11460","342","342","342"
"11470","340","340","340"
"11480","338","338","338"
"11490","322","322","322"
"11500","264","264","264"
"11510","280","280","280"
"11520","308","308","308"
"11530","302","302","302"
"11540","344","344","344"
"11550","316","316","316"
"11560","362","362","362"
"11570","312","312","312"
"11580","352","352","352"
"11590","298","298","298"
"11600","346","346","346"
"11610","316","316","316"
"11620","348","348","348"
"11630","324","324","324"
"11640","322","322","322"
"11650","302","302","302"
"11660","330","330","330"
"11670","338","338","338"
"11680","322","322","322"
"11690","304","304","304"
"11700","350","350","350"
"11710","330","330","330"
"11720","386","386","386"
"11730","298","298","298"
"11740","368","368","368"
"11750","338","338","338"
"11760","326","326","326"
"11770","300","300","300"
"11780","352","352","352"
"11790","332","332","332"
"11800","346","346","346"
"11810","300","300","300"
"11820","326","326","326"
"11830","344","344","344"
"11840","350","350","350"
"11850","318","318","318"
"11860","344","344","344"
"11870","354","354","354"
"11880","336","336","336"
"11890","356","356","356"
"11900","342","342","342"
"11910","336","336","336"
"11920","274","274","274"
"11930","330","330","330"
"11940","316","316","316"
"11950","350","350","350"
"11960","296","296","296"
"11970","366","366","366"
"11980","278","278","278"
"11990","366","366","366"
"12000","316","316","316"
"12010","324","324","324"
"12020","310","310","310"
"12030","362","362","362"
"12040","218","218","218"
"12050","294","294","294"
"12060","338","338","338"
"12070","334","334","334"
"12080","312","312","312"
"12090","306","306","306"
"12100","344","344","344"
"12110","334","334","334"
"12120","326","326","326"
"12130","352","352","352"
"12140","344","344","344"
"12150","342","342","342"
"12160","312","312","312"
"12170","304","304","304"
"12180","316","316","316"
"12190","340","340","340"
"12200","334","334","334"
"12210","322","322","322"
"12220","350","350","350"
"12230","334","334","334"
"12240","356","356","356"
"12250","302","302","302"
"12260","304","304","304"
"12270","342","342","342"
"12280","324","324","324"
"12290","304","304","304"
"12300","304","304","304"
"12310","372","372","372"
"12320","362","362","362"
"12330","368","368","368"
"12340","320","320","320"
"12350","358","358","358"
"12360","338","338","338"
"12370","350","350","350"
"12380","314","314","314"
"12390","346","346","346"
"12400","328","328","328"
"12410","334","334","334"
"12420","362","362","362"
"12430","348","348","348"
"12440","266","266","266"
"12450","316","316","316"
"12460","296","296","296"
"12470","334","334","334"
"12480","370","370","370"
"12490","292","292","292"
"12500","360","360","360"
"12510","298","298","298"
"12520","332","332","332"
"12530","316","316","316"
"12540","330","330","330"
"12550","362","362","362"
"12560","348","348","348"
"12570","340","340","340"
"12580","352","352","352"
"12590","344","344","344"
"12600","336","336","336"
"12610","245","245","245"
"12620","350","350","350"
"12630","328","328","328"
"12640","320","320","320"
"12650","328","328","328"
"12660","326","326","326"
"12670","354","354","354"
"12680","372","372","372"
"12690","338","338","338"
"12700","320","320","320"
"12710","356","356","356"
"12720","342","342","342"
"12730","360","360","360"
"12740","340","340","340"
"12750","328","328","328"
"12760","340","340","340"
"12770","332","332","332"
"12780","318","318","318"
"12790","326","326","326"
"12800","326","326","326"
"12810","306","306","306"
"12820","354","354","354"
"12830","324","324","324"
"12840","332","332","332"
"12850","324","324","324"
"12860","266","266","266"
"12870","336","336","336"
"12880","354","354","354"
"12890","336","336","336"
"12900","326","326","326"
"12910","376","376","376"
"12920","340","340","340"
"12930","352","352","352"
"12940","320","320","320"
"12950","326","326","326"
"12960","330","330","330"
"12970","356","356","356"
"12980","326","326","326"
"12990","322","322","322"
"13000","330","330","330"
"13010","352","352","352"
"13020","354","354","354"
"13030","336","336","336"
"13040","300","300","300"
"13050","312","312","312"
"13060","358","358","358"
"13070","296","296","296"
"13080","330","330","330"
"13090","342","342","342"
"13100","364","364","364"
"13110","340","340","340"
"13120","280","280","280"
"13130","352","352","352"
"13140","376","376","376"
"13150","300","300","300"
"13160","306","306","306"
"13170","372","372","372"
"13180","364","364","364"
"13190","332","332","332"
"13200","362","362","362"
"13210","394","394","394"
"13220","366","366","366"
"13230","292","292","292"
"13240","284","284","284"
"13250","334","334","334"
"13260","288","288","288"
"13270","352","352","352"
"13280","330","330","330"
"13290","340","340","340"
"13300","342","342","342"
"13310","286","286","286"
"13320","340","340","340"
"13330","348","348","348"
"13340","322","322","322"
"13350","350","350","350"
"13360","356","356","356"
"13370","356","356","356"
"13380","364","364","364"
"13390","300","300","300"
"13400","332","332","332"
"13410","316","316","316"
"13420","332","332","332"
"13430","342","342","342"
"13440","288","288","288"
"13450","368","368","368"
"13460","346","346","346"
"13470","338","338","338"
"13480","348","348","348"
"13490","316","316","316"
"13500","338","338","338"
"13510","342","342","342"
"13520","360","360","360"
"13530","382","382","382"
"13540","322","322","322"
"13550","286","286","286"
"13560","370","370","370"
"13570","328","328","328"
"13580","334","334","334"
"13590","350","350","350"
"13600","364","364","364"
"13610","346","346","346"
"13620","304","304","304"
"13630","366","366","366"
"13640","332","332","332"
"13650","348","348","348"
"13660","316","316","316"
"13670","284","284","284"
"13680","330","330","330"
"13690","336","336","336"
"13700","344","344","344"
"13710","342","342","342"
"13720","310","310","310"
"13730","352","352","352"
"13740","338","338","338"
"13750","358","358","358"
"13760","344","344","344"
"13770","310","310","310"
"13780","344","344","344"
"13790","348","348","348"
"13800","318","318","318"
"13810","290","290","290"
"13820","350","350","350"
"13830","324","324","324"
"13840","302","302","302"
"13850","264","264","264"
"13860","268","268","268"
"13870","296","296","296"
"13880","342","342","342"
"13890","324","324","324"
"13900","338","338","338"
"13910","318","318","318"
"13920","286","286","286"
"13930","338","338","338"
"13940","298","298","298"
"13950","346","346","346"
"13960","342","342","342"
"13970","304","304","304"
"13980","340","340","340"
"13990","322","322","322"
"14000","324","324","324"
"14010","256","256","256"
"14020","348","348","348"
"14030","324","324","324"
"14040","274","274","274"
"14050","344","344","344"
"14060","348","348","348"
"14070","314","314","314"
"14080","308","308","308"
"14090","308","308","308"
"14100","356","356","356"
"14110","316","316","316"
"14120","312","312","312"
"14130","332","332","332"
"14140","288","288","288"
"14150","316","316","316"
"14160","328","328","328"
"14170","278","278","278"
"14180","332","332","332"
"14190","322","322","322"
"14200","358","358","358"
"14210","286","286","286"
"14220","332","332","332"
"14230","324","324","324"
"14240","324","324","324"
"14250","330","330","330"
"14260","334","334","334"
"14270","358","358","358"
"14280","318","318","318"
"14290","340","340","340"
"14300","332","332","332"
"14310","324","324","324"
"14320","324","324","324"
"14330","344","344","344"
"14340","352","352","352"
"14350","334","334","334"
"14360","328","328","328"
"14370","332","332","332"
"14380","342","342","342"
"14390","340","340","340"
"14400","316","316","316"
"14410","322","322","322"
"14420","344","344","344"
"14430","352","352","352"
"14440","330","330","330"
"14450","328","328","328"
"14460","334","334","334"
"14470","330","330","330"
"14480","300","300","300"
"14490","298","298","298"
"14500","342","342","342"
"14510","344","344","344"
"14520","288","288","288"
"14530","344","344","344"
"14540","310","310","310"
"14550","312","312","312"
"14560","310","310","310"
"14570","324","324","324"
"14580","322","322","322"
"14590","330","330","330"
"14600","346","346","346"
"14610","368","368","368"
"14620","344","344","344"
"14630","306","306","306"
"14640","354","354","354"
"14650","338","338","338"
"14660","350","350","350"
"14670","348","348","348"
"14680","320","320","320"
"14690","302","302","302"
"14700","286","286","286"
"14710","344","344","344"
"14720","336","336","336"
"14730","336","336","336"
"14740","372","372","372"
"14750","328","328","328"
"14760","314","314","314"
"14770","354","354","354"
"14780","318","318","318"
"14790","346","346","346"
"14800","356","356","356"
"14810","344","344","344"
"14820","330","330","330"
"14830","330","330","330"
"14840","368","368","368"
"14850","328","328","328"
"14860","354","354","354"
"14870","304","304","304"
"14880","310","310","310"
"14890","292","292","292"
"14900","306","306","306"
"14910","346","346","346"
"14920","368","368","368"
"14930","352","352","352"
"14940","350","350","350"
"14950","356","356","356"
"14960","328","328","328"
"14970","336","336","336"
"14980","344","344","344"
"14990","338","338","338"
"15000","280","280","280"
"15010","326","326","326"
"15020","300","300","300"
"15030","326","326","326"
"15040","338","338","338"
"15050","328","328","328"
"15060","322","322","322"
"15070","310","310","310"
"15080","306","306","306"
"15090","324","324","324"
"15100","338","338","338"
"15110","318","318","318"
"15120","342","342","342"
"15130","334","334","334"
"15140","292","292","292"
"15150","362","362","362"
"15160","286","286","286"
"15170","346","346","346"
"15180","310","310","310"
"15190","366","366","366"
"15200","346","346","346"
"15210","314","314","314"
"15220","245","245","245"
"15230","322","322","322"
"15240","338","338","338"
"15250","316","316","316"
"15260","336","336","336"
"15270","332","332","332"
"15280","292","292","292"
"15290","296","296","296"
"15300","304","304","304"
"15310","326","326","326"
"15320","332","332","332"
"15330","368","368","368"
"15340","292","292","292"
"15350","370","370","370"
"15360","348","348","348"
"15370","352","352","352"
"15380","338","338","338"
"15390","334","334","334"
"15400","330","330","330"
"15410","344","344","344"
"15420","344","344","344"
"15430","342","342","342"
"15440","332","332","332"
"15450","324","324","324"
"15460","340","340","340"
"15470","316","316","316"
"15480","324","324","324"
"15490","320","320","320"
"15500","302","302","302"
"15510","336","336","336"
"15520","368","368","368"
"15530","368","368","368"
"15540","336","336","336"
"15550","264","264","264"
"15560","326","326","326"
"15570","330","330","330"
"15580","326","326","326"
"15590","320","320","320"
"15600","370","370","370"
"15610","354","354","354"
"15620","376","376","376"
"15630","352","352","352"
"15640","376","376","376"
"15650","302","302","302"
"15660","368","368","368"
"15670","296","296","296"
"15680","346","346","346"
"15690","364","364","364"
"15700","368","368","368"
"15710","318","318","318"
"15720","312","312","312"
"15730","316","316","316"
"15740","286","286","286"
"15750","362","362","362"
"15760","312","312","312"
"15770","326","326","326"
"15780","336","336","336"
"15790","354","354","354"
"15800","304","304","304"
"15810","350","350","350"
"15820","356","356","356"
"15830","328","328","328"
"15840","342","342","342"
"15850","370","370","370"
"15860","330","330","330"
"15870","360","360","360"
"15880","346","346","346"
"15890","304","304","304"
"15900","368","368","368"
"15910","352","352","352"
"15920","316","316","316"
"15930","366","366","366"
"15940","338","338","338"
"15950","332","332","332"
"15960","354","354","354"
"15970","354","354","354"
"15980","300","300","300"
"15990","348","348","348"
"16000","326","326","326"
"16010","346","346","346"
"16020","346","346","346"
"16030","344","344","344"
"16040","368","368","368"
"16050","300","300","300"
"16060","346","346","346"
"16070","352","352","352"
"16080","322","322","322"
"16090","320","320","320"
"16100","320","320","320"
"16110","308","308","308"
"16120","354","354","354"
"16130","268","268","268"
"16140","344","344","344"
"16150","318","318","318"
"16160","330","330","330"
"16170","358","358","358"
"16180","310","310","310"
"16190","342","342","342"
"16200","322","322","322"
"16210","324","324","324"
"16220","308","308","308"
"16230","352","352","352"
"16240","330","330","330"
"16250","328","328","328"
"16260","322","322","322"
"16270","374","374","374"
"16280","328","328","328"
"16290","296","296","296"
"16300","284","284","284"
"16310","336","336","336"
"16320","328","328","328"
"16330","336","336","336"
"16340","306","306","306"
"16350","314","314","314"
"16360","282","282","282"
"16370","338","338","338"
"16380","292","292","292"
"16390","316","316","316"
"16400","316","316","316"
"16410","304","304","304"
"16420","336","336","336"
"16430","348","348","348"
"16440","336","336","336"
"16450","340","340","340"
"16460","300","300","300"
"16470","306","306","306"
"16480","300","300","300"
"16490","292","292","292"
"16500","344","344","344"
"16510","304","304","304"
"16520","334","334","334"
"16530","324","324","324"
"16540","344","344","344"
"16550","368","368","368"
"16560","356","356","356"
"16570","278","278","278"
"16580","312","312","312"
"16590","338","338","338"
"16600","368","368","368"
"16610","306","306","306"
"16620","334","334","334"
"16630","336","336","336"
"16640","340","340","340"
"16650","346","346","346"
"16660","304","304","304"
"16670","364","364","364"
"16680","292","292","292"
"16690","322","322","322"
"16700","358","358","358"
"16710","344","344","344"
"16720","382","382","382"
"16730","290","290","290"
"16740","324","324","324"
"16750","342","342","342"
"16760","318","318","318"
"16770","372","372","372"
"16780","334","334","334"
"16790","358","358","358"
"16800","304","304","304"
"16810","328","328","328"
"16820","350","350","350"
"16830","322","322","322"
"16840","348","348","348"
"16850","330","330","330"
"16860","362","362","362"
"16870","352","352","352"
"16880","338","338","338"
"16890","344","344","344"
"16900","330","330","330"
"16910","362","362","362"
"16920","324","324","324"
"16930","362","362","362"
"16940","336","336","336"
"16950","344","344","344"
"16960","354","354","354"
"16970","318","318","318"
"16980","306","306","306"
"16990","284","284","284"
"17000","354","354","354"
"17010","304","304","304"
"17020","322","322","322"
"17030","342","342","342"
"17040","364","364","364"
"17050","326","326","326"
"17060","350","350","350"
"17070","366","366","366"
"17080","330","330","330"
"17090","332","332","332"
"17100","308","308","308"
"17110","348","348","348"
"17120","360","360","360"
"17130","304","304","304"
"17140","288","288","288"
"17150","370","370","370"
"17160","294","294","294"
"17170","338","338","338"
"17180","328","328","328"
"17190","354","354","354"
"17200","360","360","360"
"17210","352","352","352"
"17220","360","360","360"
"17230","328","328","328"
"17240","334","334","334"
"17250","368","368","368"
"17260","330","330","330"
"17270","370","370","370"
"17280","270","270","270"
"17290","336","336","336"
"17300","328","328","328"
"17310","324","324","324"
"17320","382","382","382"
"17330","322","322","322"
"17340","364","364","364"
"17350","342","342","342"
"17360","382","382","382"
"17370","286","286","286"
"17380","282","282","282"
"17390","328","328","328"
"17400","338","338","338"
"17410","332","332","332"
"17420","360","360","360"
"17430","342","342","342"
"17440","372","372","372"
"17450","274","274","274"
"17460","344","344","344"
"17470","356","356","356"
"17480","360","360","360"
"17490","330","330","330"
"17500","376","376","376"
"17510","288","288","288"
"17520","342","342","342"
"17530","294","294","294"
"17540","368","368","368"
"17550","336","336","336"
"17560","302","302","302"
"17570","358","358","358"
"17580","370","370","370"
"17590","322","322","322"
"17600","362","362","362"
"17610","340","340","340"
"17620","350","350","350"
"17630","366","366","366"
"17640","282","282","282"
"17650","360","360","360"
"17660","262","262","262"
"17670","350","350","350"
"17680","354","354","354"
"17690","328","328","328"
"17700","370","370","370"
"17710","316","316","316"
"17720","326","326","326"
"17730","330","330","330"
"17740","352","352","352"
"17750","320","320","320"
"17760","328","328","328"
"17770","358","358","358"
"17780","374","374","374"
"17790","324","324","324"
"17800","332","332","332"
"17810","330","330","330"
"17820","348","348","348"
"17830","292","292","292"
"17840","304","304","304"
"17850","322","322","322"
"17860","302","302","302"
"17870","356","356","356"
"17880","324","324","324"
"17890","344","344","344"
"17900","342","342","342"
"17910","308","308","308"
"17920","310","310","310"
"17930","296","296","296"
"17940","354","354","354"
"17950","322","322","322"
"17960","300","300","300"
"17970","316","316","316"
"17980","330","330","330"
"17990","312","312","312"
"18000","314","314","314"
"18010","330","330","330"
"18020","354","354","354"
"18030","356","356","356"
"18040","308","308","308"
"18050","268","268","268"
"18060","322","322","322"
"18070","328","328","328"
"18080","328","328","328"
"18090","324","324","324"
"18100","352","352","352"
"18110","342","342","342"
"18120","348","348","348"
"18130","326","326","326"
"18140","286","286","286"
"18150","334","334","334"
"18160","354","354","354"
"18170","302","302","302"
"18180","342","342","342"
"18190","280","280","280"
"18200","340","340","340"
"18210","360","360","360"
"18220","326","326","326"
"18230","316","316","316"
"18240","354","354","354"
"18250","330","330","330"
"18260","356","356","356"
"18270","346","346","346"
"18280","322","322","322"
"18290","328","328","328"
"18300","364","364","364"
"18310","324","324","324"
"18320","300","300","300"
"18330","360","360","360"
"18340","326","326","326"
"18350","338","338","338"
"18360","268","268","268"
"18370","342","342","342"
"18380","366","366","366"
"18390","348","348","348"
"18400","342","342","342"
"18410","360","360","360"
"18420","322","322","322"
"18430","286","286","286"
"18440","322","322","322"
"18450","342","342","342"
"18460","358","358","358"
"18470","360","360","360"
"18480","368","368","368"
"18490","324","324","324"
"18500","370","370","370"
"18510","324","324","324"
"18520","338","338","338"
"18530","354","354","354"
"18540","364","364","364"
"18550","322","322","322"
"18560","346","346","346"
"18570","362","362","362"
"18580","354","354","354"
"18590","338","338","338"
"18600","352","352","352"
"18610","314","314","314"
"18620","324","324","324"
"18630","336","336","336"
"18640","372","372","372"
"18650","350","350","350"
"18660","348","348","348"
"18670","332","332","332"
"18680","338","338","338"
"18690","348","348","348"
"18700","344","344","344"
"18710","360","360","360"
"18720","300","300","300"
"18730","358","358","358"
"18740","372","372","372"
"18750","340","340","340"
"18760","310","310","310"
"18770","378","378","378"
"18780","362","362","362"
"18790","376","376","376"
"18800","338","338","338"
"18810","334","334","334"
"18820","370","370","370"
"18830","350","350","350"
"18840","382","382","382"
"18850","372","372","372"
"18860","374","374","374"
"18870","312","312","312"
"18880","330","330","330"
"18890","370","370","370"
"18900","350","350","350"
"18910","320","320","320"
"18920","296","296","296"
"18930","334","334","334"
"18940","344","344","344"
"18950","340","340","340"
"18960","372","372","372"
"18970","336","336","336"
"18980","310","310","310"
"18990","362","362","362"
"19000","316","316","316"
"19010","332","332","332"
"19020","362","362","362"
"19030","368","368","368"
"19040","370","370","370"
"19050","310","310","310"
"19060","334","334","334"
"19070","276","276","276"
"19080","348","348","348"
"19090","346","346","346"
"19100","344","344","344"
"19110","352","352","352"
"19120","374","374","374"
"19130","362","362","362"
"19140","336","336","336"
"19150","340","340","340"
"19160","382","382","382"
"19170","342","342","342"
"19180","330","330","330"
"19190","302","302","302"
"19200","268","268","268"
"19210","352","352","352"
"19220","350","350","350"
"19230","326","326","326"
"19240","334","334","334"
"19250","328","328","328"
"19260","338","338","338"
"19270","322","322","322"
"19280","344","344","344"
"19290","328","328","328"
"19300","288","288","288"
"19310","270","270","270"
"19320","344","344","344"
"19330","326","326","326"
"19340","338","338","338"
"19350","288","288","288"
"19360","340","340","340"
"19370","348","348","348"
"19380","364","364","364"
"19390","368","368","368"
"19400","348","348","348"
"19410","348","348","348"
"19420","316","316","316"
"19430","334","334","334"
"19440","328","328","328"
"19450","352","352","352"
"19460","388","388","388"
"19470","366","366","366"
"19480","338","338","338"
"19490","338","338","338"
"19500","362","362","362"
"19510","350","350","350"
"19520","364","364","364"
"19530","342","342","342"
"19540","348","348","348"
"19550","342","342","342"
"19560","364","364","364"
"19570","364","364","364"
"19580","272","272","272"
"19590","354","354","354"
"19600","344","344","344"
"19610","344","344","344"
"19620","328","328","328"
"19630","376","376","376"
"19640","300","300","300"
"19650","338","338","338"
"19660","352","352","352"
"19670","348","348","348"
"19680","330","330","330"
"19690","342","342","342"
"19700","334","334","334"
"19710","330","330","330"
"19720","334","334","334"
"19730","346","346","346"
"19740","304","304","304"
"19750","374","374","374"
"19760","328","328","328"
"19770","374","374","374"
"19780","278","278","278"
"19790","330","330","330"
"19800","360","360","360"
"19810","352","352","352"
"19820","350","350","350"
"19830","364","364","364"
"19840","366","366","366"
"19850","342","342","342"
"19860","352","352","352"
"19870","336","336","336"
"19880","348","348","348"
"19890","362","362","362"
"19900","340","340","340"
"19910","368","368","368"
"19920","352","352","352"
"19930","344","344","344"
"19940","304","304","304"
"19950","328","328","328"
"19960","278","278","278"
"19970","352","352","352"
"19980","358","358","358"
"19990","356","356","356"
"20000","344","344","344"
"20010","386","386","386"
"20020","374","374","374"
"20030","344","344","344"
"20040","352","352","352"
"20050","358","358","358"
"20060","270","270","270"
"20070","296","296","296"
"20080","358","358","358"
"20090","348","348","348"
"20100","358","358","358"
"20110","332","332","332"
"20120","284","284","284"
"20130","352","352","352"
"20140","354","354","354"
"20150","362","362","362"
"20160","394","394","394"
"20170","342","342","342"
"20180","346","346","346"
"20190","205","205","205"
"20200","350","350","350"
"20210","282","282","282"
"20220","366","366","366"
"20230","350","350","350"
"20240","344","344","344"
"20250","338","338","338"
"20260","342","342","342"
"20270","336","336","336"
"20280","362","362","362"
"20290","358","358","358"
"20300","330","330","330"
"20310","338","338","338"
"20320","326","326","326"
"20330","330","330","330"
"20340","354","354","354"
"20350","344","344","344"
"20360","340","340","340"
"20370","338","338","338"
"20380","340","340","340"
"20390","300","300","300"
"20400","322","322","322"
"20410","362","362","362"
"20420","352","352","352"
"20430","344","344","344"
"20440","340","340","340"
"20450","316","316","316"
"20460","322","322","322"
"20470","332","332","332"
"20480","368","368","368"
"20490","302","302","302"
"20500","344","344","344"
"20510","362","362","362"
"20520","322","322","322"
"20530","340","340","340"
"20540","366","366","366"
"20550","332","332","332"
"20560","352","352","352"
"20570","346","346","346"
"20580","282","282","282"
"20590","332","332","332"
"20600","316","316","316"
"20610","346","346","346"
"20620","312","312","312"
"20630","338","338","338"
"20640","306","306","306"
"20650","352","352","352"
"20660","362","362","362"
"20670","360","360","360"
"20680","320","320","320"
"20690","322","322","322"
"20700","318","318","318"
"20710","338","338","338"
"20720","336","336","336"
"20730","332","332","332"
"20740","300","300","300"
"20750","348","348","348"
"20760","348","348","348"
"20770","304","304","304"
"20780","316","316","316"
"20790","326","326","326"
"20800","296","296","296"
"20810","348","348","348"
"20820","292","292","292"
"20830","316","316","316"
"20840","308","308","308"
"20850","322","322","322"
"20860","350","350","350"
"20870","322","322","322"
"20880","348","348","348"
"20890","356","356","356"
"20900","294","294","294"
"20910","350","350","350"
"20920","334","334","334"
"20930","338","338","338"
"20940","338","338","338"
"20950","344","344","344"
"20960","370","370","370"
"20970","330","330","330"
"20980","342","342","342"
"20990","320","320","320"
"21000","310","310","310"
"21010","336","336","336"
"21020","366","366","366"
"21030","316","316","316"
"21040","260","260","260"
"21050","338","338","338"
"21060","318","318","318"
"21070","330","330","330"
"21080","306","306","306"
"21090","348","348","348"
"21100","326","326","326"
"21110","344","344","344"
"21120","360","360","360"
"21130","372","372","372"
"21140","350","350","350"
"21150","354","354","354"
"21160","360","360","360"
"21170","342","342","342"
"21180","374","374","374"
"21190","344","344","344"
"21200","334","334","334"
"21210","368","368","368"
"21220","350","350","350"
"21230","360","360","360"
"21240","334","334","334"
"21250","282","282","282"
"21260","334","334","334"
"21270","352","352","352"
"21280","362","362","362"
"21290","350","350","350"
"21300","310","310","310"
"21310","340","340","340"
"21320","332","332","332"
"21330","342","342","342"
"21340","344","344","344"
"21350","370","370","370"
"21360","322","322","322"
"21370","322","322","322"
"21380","334","334","334"
"21390","308","308","308"
"21400","318","318","318"
"21410","264","264","264"
"21420","340","340","340"
"21430","312","312","312"
"21440","304","304","304"
"21450","350","350","350"
"21460","344","344","344"
"21470","368","368","368"
"21480","326","326","326"
"21490","302","302","302"
"21500","368","368","368"
"21510","318","318","318"
"21520","366","366","366"
"21530","356","356","356"
"21540","354","354","354"
"21550","354","354","354"
"21560","330","330","330"
"21570","298","298","298"
"21580","338","338","338"
"21590","338","338","338"
"21600","330","330","330"
"21610","342","342","342"
"21620","344","344","344"
"21630","330","330","330"
"21640","346","346","346"
"21650","314","314","314"
"21660","330","330","330"
"21670","344","344","344"
"21680","344","344","344"
"21690","306","306","306"
"21700","330","330","330"
"21710","328","328","328"
"21720","342","342","342"
"21730","336","336","336"
"21740","356","356","356"
"21750","346","346","346"
"21760","316","316","316"
"21770","354","354","354"
"21780","296","296","296"
"21790","344","344","344"
"21800","312","312","312"
"21810","308","308","308"
"21820","344","344","344"
"21830","362","362","362"
"21840","262","262","262"
"21850","360","360","360"
"21860","336","336","336"
"21870","320","320","320"
"21880","330","330","330"
"21890","264","264","264"
"21900","270","270","270"
"21910","310","310","310"
"21920","334","334","334"
"21930","338","338","338"
"21940","366","366","366"
"21950","332","332","332"
"21960","372","372","372"
"21970","328","328","328"
"21980","368","368","368"
"21990","300","300","300"
"22000","328","328","328"
"22010","316","316","316"
"22020","346","346","346"
"22030","326","326","326"
"22040","304","304","304"
"22050","392","392","392"
"22060","320","320","320"
"22070","336","336","336"
"22080","368","368","368"
"22090","358","358","358"
"22100","344","344","344"
"22110","308","308","308"
"22120","334","334","334"
"22130","366","366","366"
"22140","280","280","280"
"22150","334","334","334"
"22160","324","324","324"
"22170","326","326","326"
"22180","356","356","356"
"22190","344","344","344"
"22200","336","336","336"
"22210","326","326","326"
"22220","344","344","344"
"22230","334","334","334"
"22240","316","316","316"
"22250","336","336","336"
"22260","352","352","352"
"22270","272","272","272"
"22280","362","362","362"
"22290","300","300","300"
"22300","328","328","328"
"22310","318","318","318"
"22320","356","356","356"
"22330","374","374","374"
"22340","294","294","294"
"22350","350","350","350"
"22360","330","330","330"
"22370","282","282","282"
"22380","306","306","306"
"22390","368","368","368"
"22400","338","338","338"
"22410","330","330","330"
"22420","344","344","344"
"22430","344","344","344"
"22440","332","332","332"
"22450","264","264","264"
"22460","324","324","324"
"22470","332","332","332"
"22480","344","344","344"
"22490","330","330","330"
"22500","366","366","366"
"22510","332","332","332"
"22520","320","320","320"
"22530","280","280","280"
"22540","322","322","322"
"22550","310","310","310"
"22560","350","350","350"
"22570","344","344","344"
"22580","332","332","332"
"22590","364","364","364"
"22600","324","324","324"
"22610","388","388","388"
"22620","330","330","330"
"22630","338","338","338"
"22640","304","304","304"
"22650","352","352","352"
"22660","296","296","296"
"22670","346","346","346"
"22680","352","352","352"
"22690","356","356","356"
"22700","362","362","362"
"22710","296","296","296"
"22720","370","370","370"
"22730","332","332","332"
"22740","362","362","362"
"22750","350","350","350"
"22760","344","344","344"
"22770","262","262","262"
"22780","173","173","173"
"22790","168","168","168"
"22800","224","224","224"
"22810","256","256","256"
"22820","232","232","232"
"22830","270","270","270"
"22840","264","264","264"
"22850","262","262","262"
"22860","234","234","234"
"22870","234","234","234"
"22880","260","260","260"
"22890","266","266","266"
"22900","270","270","270"
"22910","284","284","284"
"22920","258","258","258"
"22930","258","258","258"
"22940","272","272","272"
"22950","246","246","246"
"22960","270","270","270"
"22970","274","274","274"
"22980","278","278","278"
"22990","316","316","316"
"23000","278","278","278"
"23010","276","276","276"
"23020","306","306","306"
"23030","258","258","258"
"23040","284","284","284"
"23050","272","272","272"
"23060","292","292","292"
"23070","286","286","286"
"23080","288","288","288"
"23090","256","256","256"
"23100","272","272","272"
"23110","264","264","264"
"23120","226","226","226"
"23130","312","312","312"
"23140","278","278","278"
"23150","296","296","296"
"23160","250","250","250"
"23170","286","286","286"
"23180","250","250","250"
"23190","288","288","288"
"23200","288","288","288"
"23210","290","290","290"
"23220","286","286","286"
"23230","241","241","241"
"23240","284","284","284"
"23250","237","237","237"
"23260","296","296","296"
"23270","300","300","300"
"23280","302","302","302"
"23290","282","282","282"
"23300","294","294","294"
"23310","300","300","300"
"23320","276","276","276"
"23330","282","282","282"
"23340","310","310","310"
"23350","258","258","258"
"23360","243","243","243"
"23370","306","306","306"
"23380","308","308","308"
"23390","270","270","270"
"23400","296","296","296"
"23410","284","284","284"
"23420","316","316","316"
"23430","284","284","284"
"23440","282","282","282"
"23450","292","292","292"
"23460","306","306","306"
"23470","296","296","296"
"23480","292","292","292"
"23490","278","278","278"
"23500","306","306","306"
"23510","312","312","312"
"23520","306","306","306"
"23530","314","314","314"
"23540","282","282","282"
"23550","340","340","340"
"23560","282","282","282"
"23570","288","288","288"
"23580","292","292","292"
"23590","308","308","308"
"23600","300","300","300"
"23610","250","250","250"
"23620","282","282","282"
"23630","268","268","268"
"23640","268","268","268"
"23650","266","266","266"
"23660","284","284","284"
"23670","292","292","292"
"23680","282","282","282"
"23690","288","288","288"
"23700","336","336","336"
"23710","302","302","302"
"23720","320","320","320"
"23730","294","294","294"
"23740","258","258","258"
"23750","302","302","302"
"23760","310","310","310"
"23770","336","336","336"
"23780","298","298","298"
"23790","292","292","292"
"23800","300","300","300"
"23810","270","270","270"
"23820","288","288","288"
"23830","308","308","308"
"23840","324","324","324"
"23850","280","280","280"
"23860","243","243","243"
"23870","298","298","298"
"23880","266","266","266"
"23890","284","284","284"
"23900","274","274","274"
"23910","284","284","284"
"23920","282","282","282"
"23930","292","292","292"
"23940","296","296","296"
"23950","296","296","296"
"23960","292","292","292"
"23970","328","328","328"
"23980","310","310","310"
"23990","308","308","308"
"24000","284","284","284"
"24010","270","270","270"
"24020","304","304","304"
"24030","304","304","304"
"24040","326","326","326"
"24050","276","276","276"
"24060","308","308","308"
"24070","292","292","292"
"24080","282","282","282"
"24090","306","306","306"
"24100","322","322","322"
"24110","292","292","292"
"24120","316","316","316"
"24130","328","328","328"
"24140","292","292","292"
"24150","298","298","298"
"24160","304","304","304"
"24170","252","252","252"
"24180","322","322","322"
"24190","296","296","296"
"24200","326","326","326"
"24210","290","290","290"
"24220","322","322","322"
"24230","324","324","324"
"24240","268","268","268"
"24250","282","282","282"
"24260","304","304","304"
"24270","286","286","286"
"24280","300","300","300"
"24290","288","288","288"
"24300","322","322","322"
"24310","302","302","302"
"24320","316","316","316"
"24330","304","304","304"
"24340","312","312","312"
"24350","300","300","300"
"24360","310","310","310"
"24370","306","306","306"
"24380","280","280","280"
"24390","288","288","288"
"24400","300","300","300"
"24410","322","322","322"
"24420","322","322","322"
"24430","264","264","264"
"24440","314","314","314"
"24450","324","324","324"
"24460","302","302","302"
"24470","296","296","296"
"24480","292","292","292"
"24490","304","304","304"
"24500","300","300","300"
"24510","300","300","300"
"24520","294","294","294"
"24530","300","300","300"
"24540","302","302","302"
"24550","306","306","306"
"24560","326","326","326"
"24570","330","330","330"
"24580","324","324","324"
"24590","316","316","316"
"24600","260","260","260"
"24610","302","302","302"
"24620","288","288","288"
"24630","300","300","300"
"24640","318","318","318"
"24650","292","292","292"
"24660","294","294","294"
"24670","300","300","300"
"24680","314","314","314"
"24690","294","294","294"
"24700","288","288","288"
"24710","304","304","304"
"24720","252","252","252"
"24730","346","346","346"
"24740","296","296","296"
"24750","304","304","304"
"24760","328","328","328"
"24770","306","306","306"
"24780","340","340","340"
"24790","324","324","324"
"24800","272","272","272"
"24810","294","294","294"
"24820","290","290","290"
"24830","320","320","320"
"24840","308","308","308"
"24850","239","239","239"
"24860","300","300","300"
"24870","316","316","316"
"24880","268","268","268"
"24890","298","298","298"
"24900","314","314","314"
"24910","318","318","318"
"24920","274","274","274"
"24930","278","278","278"
"24940","250","250","250"
"24950","260","260","260"
"24960","290","290","290"
"24970","316","316","316"
"24980","308","308","308"
"24990","306","306","306"
"25000","296","296","296"
"25010","288","288","288"
"25020","304","304","304"
"25030","316","316","316"
"25040","292","292","292"
"25050","300","300","300"
"25060","316","316","316"
"25070","276","276","276"
"25080","292","292","292"
"25090","241","241","241"
"25100","312","312","312"
"25110","300","300","300"
"25120","324","324","324"
"25130","322","322","322"
"25140","274","274","274"
"25150","288","288","288"
"25160","306","306","306"
"25170","350","350","350"
"25180","284","284","284"
"25190","312","312","312"
"25200","310","310","310"
"25210","296","296","296"
"25220","278","278","278"
"25230","292","292","292"
"25240","292","292","292"
"25250","260","260","260"
"25260","278","278","278"
"25270","322","322","322"
"25280","344","344","344"
"25290","296","296","296"
"25300","290","290","290"
"25310","304","304","304"
"25320","288","288","288"
"25330","272","272","272"
"25340","266","266","266"
"25350","306","306","306"
"25360","316","316","316"
"25370","268","268","268"
"25380","310","310","310"
"25390","274","274","274"
"25400","312","312","312"
"25410","344","344","344"
"25420","300","300","300"
"25430","298","298","298"
"25440","304","304","304"
"25450","294","294","294"
"25460","286","286","286"
"25470","316","316","316"
"25480","276","276","276"
"25490","316","316","316"
"25500","340","340","340"
"25510","302","302","302"
"25520","326","326","326"
"25530","310","310","310"
"25540","282","282","282"
"25550","308","308","308"
"25560","318","318","318"
"25570","278","278","278"
"25580","282","282","282"
"25590","302","302","302"
"25600","276","276","276"
"25610","324","324","324"
"25620","314","314","314"
"25630","231","231","231"
"25640","292","292","292"
"25650","296","296","296"
"25660","316","316","316"
"25670","288","288","288"
"25680","268","268","268"
"25690","316","316","316"
"25700","288","288","288"
"25710","316","316","316"
"25720","298","298","298"
"25730","318","318","318"
"25740","292","292","292"
"25750","282","282","282"
"25760","286","286","286"
"25770","306","306","306"
"25780","268","268","268"
"25790","264","264","264"
"25800","302","302","302"
"25810","288","288","288"
"25820","278","278","278"
"25830","316","316","316"
"25840","282","282","282"
"25850","296","296","296"
"25860","310","310","310"
"25870","310","310","310"
"25880","286","286","286"
"25890","346","346","346"
"25900","328","328","328"
"25910","322","322","322"
"25920","304","304","304"
"25930","310","310","310"
"25940","312","312","312"
"25950","312","312","312"
"25960","314","314","314"
"25970","300","300","300"
"25980","296","296","296"
"25990","316","316","316"
"26000","292","292","292"
"26010","292","292","292"
"26020","296","296","296"
"26030","308","308","308"
"26040","310","310","310"
"26050","310","310","310"
"26060","282","282","282"
"26070","296","296","296"
"26080","300","300","300"
"26090","304","304","304"
"26100","288","288","288"
"26110","312","312","312"
"26120","318","318","318"
"26130","304","304","304"
"26140","276","276","276"
"26150","344","344","344"
"26160","334","334","334"
"26170","326","326","326"
"26180","306","306","306"
"26190","276","276","276"
"26200","316","316","316"
"26210","302","302","302"
"26220","310","310","310"
"26230","300","300","300"
"26240","284","284","284"
"26250","316","316","316"
"26260","276","276","276"
"26270","296","296","296"
"26280","260","260","260"
"26290","298","298","298"
"26300","322","322","322"
"26310","268","268","268"
"26320","162","162","162"
"26330","274","274","274"
"26340","304","304","304"
"26350","288","288","288"
"26360","328","328","328"
"26370","300","300","300"
"26380","210","210","210"
"26390","316","316","316"
"26400","310","310","310"
"26410","300","300","300"
"26420","330","330","330"
"26430","304","304","304"
"26440","342","342","342"
"26450","312","312","312"
"26460","300","300","300"
"26470","314","314","314"
"26480","276","276","276"
"26490","288","288","288"
"26500","330","330","330"
"26510","298","298","298"
"26520","322","322","322"
"26530","296","296","296"
"26540","322","322","322"
"26550","286","286","286"
"26560","304","304","304"
"26570","308","308","308"
"26580","328","328","328"
"26590","292","292","292"
"26600","262","262","262"
"26610","316","316","316"
"26620","278","278","278"
"26630","324","324","324"
"26640","310","310","310"
"26650","258","258","258"
"26660","308","308","308"
"26670","324","324","324"
"26680","310","310","310"
"26690","322","322","322"
"26700","304","304","304"
"26710","302","302","302"
"26720","356","356","356"
"26730","276","276","276"
"26740","314","314","314"
"26750","314","314","314"
"26760","336","336","336"
"26770","304","304","304"
"26780","328","328","328"
"26790","310","310","310"
"26800","312","312","312"
"26810","294","294","294"
"26820","282","282","282"
"26830","308","308","308"
"26840","296","296","296"
"26850","304","304","304"
"26860","310","310","310"
"26870","282","282","282"
"26880","312","312","312"
"26890","322","322","322"
"26900","322","322","322"
"26910","310","310","310"
"26920","304","304","304"
"26930","314","314","314"
"26940","276","276","276"
"26950","346","346","346"
"26960","310","310","310"
"26970","266","266","266"
"26980","274","274","274"
"26990","264","264","264"
"27000","304","304","304"
"27010","252","252","252"
"27020","298","298","298"
"27030","314","314","314"
"27040","328","328","328"
"27050","298","298","298"
"27060","284","284","284"
"27070","282","282","282"
"27080","300","300","300"
"27090","306","306","306"
"27100","310","310","310"
"27110","304","304","304"
"27120","278","278","278"
"27130","316","316","316"
"27140","294","294","294"
"27150","243","243","243"
"27160","332","332","332"
"27170","330","330","330"
"27180","296","296","296"
"27190","302","302","302"
"27200","306","306","306"
"27210","245","245","245"
"27220","284","284","284"
"27230","322","322","322"
"27240","328","328","328"
"27250","294","294","294"
"27260","300","300","300"
"27270","312","312","312"
"27280","322","322","322"
"27290","266","266","266"
"27300","278","278","278"
"27310","274","274","274"
"27320","342","342","342"
"27330","328","328","328"
"27340","278","278","278"
"27350","304","304","304"
"27360","318","318","318"
"27370","302","302","302"
"27380","304","304","304"
"27390","334","334","334"
"27400","348","348","348"
"27410","248","248","248"
"27420","328","328","328"
"27430","308","308","308"
"27440","318","318","318"
"27450","316","316","316"
"27460","300","300","300"
"27470","314","314","314"
"27480","282","282","282"
"27490","288","288","288"
"27500","286","286","286"
"27510","276","276","276"
"27520","308","308","308"
"27530","286","286","286"
"27540","332","332","332"
"27550","304","304","304"
"27560","358","358","358"
"27570","302","302","302"
"27580","266","266","266"
"27590","270","270","270"
"27600","312","312","312"
"27610","237","237","237"
"27620","304","304","304"
"27630","328","328","328"
"27640","312","312","312"
"27650","286","286","286"
"27660","300","300","300"
"27670","318","318","318"
"27680","344","344","344"
"27690","322","322","322"
"27700","252","252","252"
"27710","306","306","306"
"27720","306","306","306"
"27730","332","332","332"
"27740","334","334","334"
"27750","296","296","296"
"27760","302","302","302"
"27770","322","322","322"
"27780","304","304","304"
"27790","234","234","234"
"27800","290","290","290"
"27810","300","300","300"
"27820","330","330","330"
"27830","284","284","284"
"27840","278","278","278"
"27850","310","310","310"
"27860","286","286","286"
"27870","322","322","322"
"27880","300","300","300"
"27890","300","300","300"
"27900","314","314","314"
"27910","288","288","288"
"27920","276","276","276"
"27930","282","282","282"
"27940","296","296","296"
"27950","296","296","296"
"27960","302","302","302"
"27970","334","334","334"
"27980","332","332","332"
"27990","288","288","288"
"28000","332","332","332"
"28010","304","304","304"
"28020","288","288","288"
"28030","310","310","310"
"28040","318","318","318"
"28050","270","270","270"
"28060","276","276","276"
"28070","320","320","320"
"28080","316","316","316"
"28090","262","262","262"
"28100","322","322","322"
"28110","282","282","282"
"28120","316","316","316"
"28130","304","304","304"
"28140","296","296","296"
"28150","330","330","330"
"28160","330","330","330"
"28170","270","270","270"
"28180","268","268","268"
"28190","264","264","264"
"28200","306","306","306"
"28210","330","330","330"
"28220","276","276","276"
"28230","284","284","284"
"28240","288","288","288"
"28250","316","316","316"
"28260","300","300","300"
"28270","344","344","344"
"28280","328","328","328"
"28290","272","272","272"
"28300","276","276","276"
"28310","322","322","322"
"28320","322","322","322"
"28330","324","324","324"
"28340","292","292","292"
"28350","308","308","308"
"28360","304","304","304"
"28370","296","296","296"
"28380","342","342","342"
"28390","316","316","316"
"28400","274","274","274"
"28410","276","276","276"
"28420","290","290","290"
"28430","292","292","292"
"28440","304","304","304"
"28450","314","314","314"
"28460","304","304","304"
"28470","320","320","320"
"28480","344","344","344"
"28490","312","312","312"
"28500","330","330","330"
"28510","288","288","288"
"28520","344","344","344"
"28530","302","302","302"
"28540","318","318","318"
"28550","306","306","306"
"28560","284","284","284"
"28570","296","296","296"
"28580","308","308","308"
"28590","322","322","322"
"28600","334","334","334"
"28610","328","328","328"
"28620","316","316","316"
"28630","320","320","320"
"28640","318","318","318"
"28650","284","284","284"
"28660","298","298","298"
"28670","296","296","296"
"28680","290","290","290"
"28690","288","288","288"
"28700","274","274","274"
"28710","296","296","296"
"28720","292","292","292"
"28730","316","316","316"
"28740","296","296","296"
"28750","312","312","312"
"28760","322","322","322"
"28770","306","306","306"
"28780","326","326","326"
"28790","298","298","298"
"28800","298","298","298"
"28810","316","316","316"
"28820","268","268","268"
"28830","290","290","290"
"28840","316","316","316"
"28850","326","326","326"
"28860","302","302","302"
"28870","316","316","316"
"28880","300","300","300"
"28890","274","274","274"
"28900","304","304","304"
"28910","308","308","308"
"28920","280","280","280"
"28930","304","304","304"
"28940","300","300","300"
"28950","338","338","338"
"28960","330","330","330"
"28970","278","278","278"
"28980","316","316","316"
"28990","314","314","314"
"29000","338","338","338"
"29010","294","294","294"
"29020","328","328","328"
"29030","292","292","292"
"29040","326","326","326"
"29050","304","304","304"
"29060","310","310","310"
"29070","330","330","330"
"29080","300","300","300"
"29090","312","312","312"
"29100","322","322","322"
"29110","292","292","292"
"29120","320","320","320"
"29130","310","310","310"
"29140","282","282","282"
"29150","268","268","268"
"29160","302","302","302"
"29170","344","344","344"
"29180","298","298","298"
"29190","300","300","300"
"29200","308","308","308"
"29210","292","292","292"
"29220","314","314","314"
"29230","270","270","270"
"29240","298","298","298"
"29250","310","310","310"
"29260","330","330","330"
"29270","298","298","298"
"29280","254","254","254"
"29290","304","304","304"
"29300","274","274","274"
"29310","288","288","288"
"29320","302","302","302"
"29330","298","298","298"
"29340","320","320","320"
"29350","294","294","294"
"29360","330","330","330"
"29370","310","310","310"
"29380","320","320","320"
"29390","302","302","302"
"29400","280","280","280"
"29410","316","316","316"
"29420","310","310","310"
"29430","308","308","308"
"29440","294","294","294"
"29450","296","296","296"
"29460","266","266","266"
"29470","302","302","302"
"29480","288","288","288"
"29490","322","322","322"
"29500","292","292","292"
"29510","318","318","318"
"29520","328","328","328"
"29530","272","272","272"
"29540","300","300","300"
"29550","304","304","304"
"29560","322","322","322"
"29570","312","312","312"
"29580","342","342","342"
"29590","322","322","322"
"29600","262","262","262"
"29610","316","316","316"
"29620","314","314","314"
"29630","300","300","300"
"29640","330","330","330"
"29650","284","284","284"
"29660","332","332","332"
"29670","310","310","310"
"29680","304","304","304"
"29690","294","294","294"
"29700","318","318","318"
"29710","318","318","318"
"29720","290","290","290"
"29730","314","314","314"
"29740","326","326","326"
"29750","312","312","312"
"29760","258","258","258"
"29770","296","296","296"
"29780","306","306","306"
"29790","286","286","286"
"29800","344","344","344"
"29810","288","288","288"
"29820","272","272","272"
"29830","296","296","296"
"29840","302","302","302"
"29850","296","296","296"
"29860","310","310","310"
"29870","258","258","258"
"29880","312","312","312"
"29890","296","296","296"
"29900","304","304","304"
"29910","320","320","320"
"29920","290","290","290"
"29930","330","330","330"
"29940","334","334","334"
"29950","316","316","316"
"29960","316","316","316"
"29970","288","288","288"
"29980","316","316","316"
"29990","306","306","306"
"30000","304","304","304"
"30010","330","330","330"
"30020","328","328","328"
"30030","310","310","310"
"30040","302","302","302"
"30050","310","310","310"
"30060","322","322","322"
"30070","336","336","336"
"30080","276","276","276"
"30090","302","302","302"
"30100","286","286","286"
"30110","278","278","278"
"30120","262","262","262"
"30130","308","308","308"
"30140","302","302","302"
"30150","342","342","342"
"30160","318","318","318"
"30170","302","302","302"
"30180","324","324","324"
"30190","278","278","278"
"30200","286","286","286"
"30210","302","302","302"
"30220","328","328","328"
"30230","262","262","262"
"30240","296","296","296"
"30250","326","326","326"
"30260","316","316","316"
"30270","316","316","316"
"30280","304","304","304"
"30290","308","308","308"
"30300","304","304","304"
"30310","312","312","312"
"30320","316","316","316"
"30330","316","316","316"
"30340","286","286","286"
"30350","304","304","304"
"30360","282","282","282"
"30370","304","304","304"
"30380","278","278","278"
"30390","290","290","290"
"30400","310","310","310"
"30410","326","326","326"
"30420","302","302","302"
"30430","320","320","320"
"30440","282","282","282"
"30450","322","322","322"
"30460","278","278","278"
"30470","282","282","282"
"30480","324","324","324"
"30490","296","296","296"
"30500","298","298","298"
"30510","288","288","288"
"30520","314","314","314"
"30530","316","316","316"
"30540","346","346","346"
"30550","264","264","264"
"30560","304","304","304"
"30570","268","268","268"
"30580","308","308","308"
"30590","308","308","308"
"30600","344","344","344"
"30610","300","300","300"
"30620","286","286","286"
"30630","268","268","268"
"30640","300","300","300"
"30650","290","290","290"
"30660","288","288","288"
"30670","268","268","268"
"30680","300","300","300"
"30690","316","316","316"
"30700","310","310","310"
"30710","304","304","304"
"30720","326","326","326"
"30730","318","318","318"
"30740","296","296","296"
"30750","288","288","288"
"30760","274","274","274"
"30770","308","308","308"
"30780","296","296","296"
"30790","320","320","320"
"30800","328","328","328"
"30810","320","320","320"
"30820","316","316","316"
"30830","344","344","344"
"30840","292","292","292"
"30850","310","310","310"
"30860","300","300","300"
"30870","316","316","316"
"30880","282","282","282"
"30890","308","308","308"
"30900","280","280","280"
"30910","316","316","316"
"30920","284","284","284"
"30930","274","274","274"
"30940","320","320","320"
"30950","284","284","284"
"30960","318","318","318"
"30970","296","296","296"
"30980","292","292","292"
"30990","322","322","322"
"31000","294","294","294"
"31010","328","328","328"
"31020","270","270","270"
"31030","286","286","286"
"31040","320","320","320"
"31050","304","304","304"
"31060","296","296","296"
"31070","282","282","282"
"31080","282","282","282"
"31090","308","308","308"
"31100","284","284","284"
"31110","284","284","284"
"31120","310","310","310"
"31130","318","318","318"
"31140","316","316","316"
"31150","316","316","316"
"31160","320","320","320"
"31170","300","300","300"
"31180","322","322","322"
"31190","290","290","290"
"31200","340","340","340"
"31210","290","290","290"
"31220","284","284","284"
"31230","282","282","282"
"31240","316","316","316"
"31250","316","316","316"
"31260","338","338","338"
"31270","318","318","318"
"31280","252","252","252"
"31290","324","324","324"
"31300","314","314","314"
"31310","300","300","300"
"31320","310","310","310"
"31330","320","320","320"
"31340","302","302","302"
"31350","300","300","300"
"31360","310","310","310"
"31370","326","326","326"
"31380","314","314","314"
"31390","306","306","306"
"31400","310","310","310"
"31410","288","288","288"
"31420","290","290","290"
"31430","320","320","320"
"31440","302","302","302"
"31450","312","312","312"
"31460","258","258","258"
"31470","324","324","324"
"31480","322","322","322"
"31490","296","296","296"
"31500","288","288","288"
"31510","320","320","320"
"31520","304","304","304"
"31530","284","284","284"
"31540","276","276","276"
"31550","296","296","296"
"31560","316","316","316"
"31570","300","300","300"
"31580","296","296","296"
"31590","304","304","304"
"31600","324","324","324"
"31610","320","320","320"
"31620","340","340","340"
"31630","314","314","314"
"31640","320","320","320"
"31650","322","322","322"
"31660","312","312","312"
"31670","272","272","272"
"31680","334","334","334"
"31690","286","286","286"
"31700","256","256","256"
"31710","296","296","296"
"31720","320","320","320"
"31730","280","280","280"
"31740","322","322","322"
"31750","300","300","300"
"31760","245","245","245"
"31770","308","308","308"
"31780","304","304","304"
"31790","304","304","304"
"31800","336","336","336"
"31810","300","300","300"
"31820","316","316","316"
"31830","280","280","280"
"31840","298","298","298"
"31850","328","328","328"
"31860","284","284","284"
"31870","310","310","310"
"31880","266","266","266"
"31890","292","292","292"
"31900","316","316","316"
"31910","320","320","320"
"31920","304","304","304"
"31930","288","288","288"
"31940","322","322","322"
"31950","322","322","322"
"31960","278","278","278"
"31970","266","266","266"
"31980","330","330","330"
"31990","296","296","296"
"32000","322","322","322"
"32010","328","328","328"
"32020","326","326","326"
"32030","294","294","294"
"32040","282","282","282"
"32050","310","310","310"
"32060","306","306","306"
"32070","300","300","300"
"32080","274","274","274"
"32090","314","314","314"
"32100","322","322","322"
"32110","288","288","288"
"32120","314","314","314"
"32130","340","340","340"
"32140","330","330","330"
"32150","334","334","334"
"32160","318","318","318"
"32170","322","322","322"
"32180","320","320","320"
"32190","322","322","322"
"32200","316","316","316"
"32210","328","328","328"
"32220","322","322","322"
"32230","326","326","326"
"32240","330","330","330"
"32250","302","302","302"
"32260","310","310","310"
"32270","278","278","278"
"32280","282","282","282"
"32290","280","280","280"
"32300","320","320","320"
"32310","314","314","314"
"32320","294","294","294"
"32330","312","312","312"
"32340","270","270","270"
"32350","330","330","330"
"32360","296","296","296"
"32370","342","342","342"
"32380","304","304","304"
"32390","330","330","330"
"32400","280","280","280"
"32410","330","330","330"
"32420","276","276","276"
"32430","296","296","296"
"32440","276","276","276"
"32450","324","324","324"
"32460","274","274","274"
"32470","324","324","324"
"32480","296","296","296"
"32490","296","296","296"
"32500","278","278","278"
"32510","304","304","304"
"32520","302","302","302"
"32530","314","314","314"
"32540","340","340","340"
"32550","328","328","328"
"32560","286","286","286"
"32570","294","294","294"
"32580","288","288","288"
"32590","300","300","300"
"32600","288","288","288"
"32610","322","322","322"
"32620","316","316","316"
"32630","316","316","316"
"32640","308","308","308"
"32650","296","296","296"
"32660","342","342","342"
"32670","298","298","298"
"32680","340","340","340"
"32690","296","296","296"
"32700","252","252","252"
"32710","332","332","332"
"32720","328","328","328"
"32730","268","268","268"
"32740","304","304","304"
"32750","300","300","300"
"32760","308","308","308"
"32770","314","314","314"
"32780","276","276","276"
"32790","310","310","310"
"32800","300","300","300"
"32810","316","316","316"
"32820","318","318","318"
"32830","330","330","330"
"32840","290","290","290"
"32850","330","330","330"
"32860","310","310","310"
"32870","296","296","296"
"32880","330","330","330"
"32890","280","280","280"
"32900","304","304","304"
"32910","322","322","322"
"32920","330","330","330"
"32930","328","328","328"
"32940","340","340","340"
"32950","284","284","284"
"32960","280","280","280"
"32970","346","346","346"
"32980","304","304","304"
"32990","314","314","314"
"33000","310","310","310"
"33010","300","300","300"
"33020","292","292","292"
"33030","280","280","280"
"33040","300","300","300"
"33050","306","306","306"
"33060","314","314","314"
"33070","324","324","324"
"33080","288","288","288"
"33090","282","282","282"
"33100","310","310","310"
"33110","328","328","328"
"33120","288","288","288"
"33130","344","344","344"
"33140","262","262","262"
"33150","302","302","302"
"33160","296","296","296"
"33170","310","310","310"
"33180","316","316","316"
"33190","302","302","302"
"33200","304","304","304"
"33210","294","294","294"
"33220","310","310","310"
"33230","308","308","308"
"33240","330","330","330"
"33250","330","330","330"
"33260","344","344","344"
"33270","274","274","274"
"33280","246","246","246"
"33290","304","304","304"
"33300","268","268","268"
"33310","284","284","284"
"33320","322","322","322"
"33330","310","310","310"
"33340","318","318","318"
"33350","310","310","310"
"33360","328","328","328"
"33370","264","264","264"
"33380","318","318","318"
"33390","260","260","260"
"33400","274","274","274"
"33410","316","316","316"
"33420","334","334","334"
"33430","304","304","304"
"33440","268","268","268"
"33450","322","322","322"
"33460","278","278","278"
"33470","300","300","300"
"33480","312","312","312"
"33490","296","296","296"
"33500","296","296","296"
"33510","302","302","302"
"33520","318","318","318"
"33530","312","312","312"
"33540","336","336","336"
"33550","308","308","308"
"33560","292","292","292"
"33570","320","320","320"
"33580","276","276","276"
"33590","310","310","310"
"33600","274","274","274"
"33610","286","286","286"
"33620","300","300","300"
"33630","330","330","330"
"33640","288","288","288"
"33650","328","328","328"
"33660","332","332","332"
"33670","260","260","260"
"33680","322","322","322"
"33690","308","308","308"
"33700","292","292","292"