step,loss
1,12.300727844238281
2,11.839494705200195
3,11.508420944213867
4,9.88515567779541
5,9.705004692077637
6,9.167760848999023
7,8.99846363067627
8,6.869772911071777
9,9.248091697692871
10,8.283466339111328
11,8.06551456451416
12,9.500160217285156
13,7.207199573516846
14,9.826562881469727
15,7.252586841583252
16,8.8678560256958
17,7.313220024108887
18,9.405004501342773
19,8.148001670837402
20,8.596753120422363
21,8.677607536315918
22,10.462274551391602
23,7.54152774810791
24,7.246765613555908
25,7.9944562911987305
26,7.210555553436279
27,7.782402992248535
28,9.713290214538574
29,7.6693854331970215
30,6.868703842163086
31,8.318475723266602
32,7.185845375061035
33,10.537134170532227
34,7.974135398864746
35,8.781807899475098
36,7.786312103271484
37,9.485708236694336
38,8.12548828125
39,9.888105392456055
40,9.064188957214355
41,5.787732124328613
42,6.36259126663208
43,7.755291938781738
44,7.481781959533691
45,8.463308334350586
46,9.637331008911133
47,8.741125106811523
48,6.551493167877197
49,8.574816703796387
50,7.032582759857178
51,6.855825424194336
52,7.675589561462402
53,8.680726051330566
54,8.25455379486084
55,7.963788032531738
56,6.685927391052246
57,7.849818229675293
58,6.104443073272705
59,7.45721960067749
60,8.354303359985352
61,7.087315559387207
62,7.5077033042907715
63,8.965425491333008
64,9.664765357971191
65,8.309858322143555
66,7.3577752113342285
67,8.717437744140625
68,6.614502906799316
69,8.138372421264648
70,8.475496292114258
71,8.74074649810791
72,6.946821212768555
73,8.936511993408203
74,7.779609680175781
75,6.349517345428467
76,8.212679862976074
77,7.3963518142700195
78,7.322205543518066
79,8.885029792785645
80,6.331499099731445
81,7.728240489959717
82,7.505619049072266
83,7.217346668243408
84,5.904941082000732
85,7.932219505310059
86,7.925346374511719
87,7.065332412719727
88,8.18310260772705
89,7.852348327636719
90,6.968040466308594
91,8.429014205932617
92,8.094278335571289
93,9.447113037109375
94,7.497124195098877
95,6.964861869812012
96,6.307593822479248
97,8.323034286499023
98,7.624270439147949
99,8.099772453308105
100,7.936746597290039
101,6.697612762451172
102,8.328168869018555
103,7.408075332641602
104,6.227051734924316
105,8.28413200378418
106,7.350368022918701
107,7.746416091918945
108,7.21110725402832
109,7.408068656921387
110,8.162629127502441
111,7.131065368652344
112,6.781017303466797
113,8.649648666381836
114,8.042928695678711
115,8.221685409545898
116,6.694601058959961
117,6.448850631713867
118,7.271918296813965
119,7.266016006469727
120,7.5124664306640625
121,7.463569641113281
122,7.754263401031494
123,8.092445373535156
124,7.7792887687683105
125,6.672290802001953
126,8.047632217407227
127,6.142199516296387
128,7.12397575378418
129,6.773430824279785
130,8.586311340332031
131,7.413519859313965
132,6.285550117492676
133,7.909495830535889
134,4.629602432250977
135,7.05087947845459
136,7.336212635040283
137,7.710557460784912
138,7.426738739013672
139,7.357152462005615
140,8.693389892578125
141,6.428794860839844
142,6.60733699798584
143,6.553499698638916
144,6.008101940155029
145,7.281563758850098
146,7.5753703117370605
147,7.202878952026367
148,6.122805118560791
149,6.841793060302734
150,5.856940269470215
151,6.090336799621582
152,6.4360809326171875
153,7.390262603759766
154,6.514479637145996
155,8.698568344116211
156,7.4298319816589355
157,7.483820915222168
158,6.586394786834717
159,6.382174968719482
160,8.42691707611084
161,7.596485137939453
162,6.283235549926758
163,6.520232677459717
164,6.946217060089111
165,7.040441513061523
166,6.36006498336792
167,6.993308067321777
168,8.23167896270752
169,6.563844680786133
170,5.765493392944336
171,6.930069923400879
172,5.579791069030762
173,7.057309150695801
174,8.100112915039062
175,7.009212017059326
176,6.497770309448242
177,7.702217102050781
178,7.201493740081787
179,6.875021934509277
180,6.72947883605957
181,6.471736907958984
182,5.423653602600098
183,5.9811835289001465
184,6.102821350097656
185,7.251232624053955
186,6.102677345275879
187,6.470394134521484
188,8.215554237365723
189,8.43593692779541
190,6.475656032562256
191,7.439962387084961
192,7.639718055725098
193,7.620641231536865
194,8.673022270202637
195,7.354241371154785
196,6.879483699798584
197,7.249059200286865
198,6.742551803588867
199,6.979422092437744
200,6.561380863189697
201,7.45806884765625
202,6.605960845947266
203,6.043327331542969
204,8.342049598693848
205,7.181992530822754
206,6.304755687713623
207,5.8538007736206055
208,7.429656505584717
209,7.519417762756348
210,7.997349739074707
211,6.145946502685547
212,6.586307048797607
213,6.44110631942749
214,7.332013130187988
215,7.258031845092773
216,8.174007415771484
217,6.59189510345459
218,7.566830158233643
219,7.372262477874756
220,5.927939414978027
221,7.475271224975586
222,6.2516398429870605
223,5.605393886566162
224,7.602200508117676
225,7.327364444732666
226,6.301624298095703
227,6.442577362060547
228,7.047622203826904
229,5.996257781982422
230,7.125754356384277
231,6.808232307434082
232,6.950595855712891
233,6.269468307495117
234,7.291212558746338
235,7.150502681732178
236,7.071382522583008
237,7.189452171325684
238,7.217920303344727
239,6.743100643157959
240,5.889820575714111
241,5.563957691192627
242,6.264890193939209
243,6.30925178527832
244,8.558914184570312
245,6.90945291519165
246,6.545892238616943
247,6.852743148803711
248,7.5856781005859375
249,8.504955291748047
250,6.684799671173096
251,6.572165489196777
252,7.643303871154785
253,6.980971813201904
254,6.16971492767334
255,6.726863861083984
256,6.890775203704834
257,6.790125846862793
258,7.878684997558594
259,6.0003767013549805
260,6.42204475402832
261,6.445372581481934
262,6.102229118347168
263,6.206745147705078
264,7.2255730628967285
265,8.277265548706055
266,7.322332382202148
267,6.617105007171631
268,7.219977855682373
269,7.207956314086914
270,6.214779853820801
271,7.416684627532959
272,5.642124176025391
273,6.065428256988525
274,6.890880584716797
275,7.200103759765625
276,6.727715015411377
277,6.396448135375977
278,7.646054267883301
279,7.640901565551758
280,6.736058712005615
281,7.315927982330322
282,8.436840057373047
283,6.585783004760742
284,6.32297945022583
285,7.623326301574707
286,7.484107494354248
287,6.14829683303833
288,5.29005765914917
289,5.492061138153076
290,5.304792404174805
291,7.021609306335449
292,6.807333946228027
293,7.308999061584473
294,7.1910881996154785
295,7.657872200012207
296,6.835914134979248
297,6.72332239151001
298,7.132267951965332
299,6.750760555267334
300,8.222606658935547
301,6.705162048339844
302,6.394383430480957
303,6.695631980895996
304,6.3175787925720215
305,6.972787857055664
306,6.555396556854248
307,5.68025016784668
308,6.858203887939453
309,7.058775901794434
310,6.970293998718262
311,6.950076103210449
312,6.686570644378662
313,6.159695148468018
314,6.457458019256592
315,5.324942111968994
316,7.390839099884033
317,6.286641597747803
318,7.123226642608643
319,7.683553218841553
320,5.67619514465332
321,6.902931213378906
322,6.925139904022217
323,6.051287651062012
324,6.449635028839111
325,6.085791110992432
326,6.478245735168457
327,5.744143486022949
328,5.745522975921631
329,5.667599201202393
330,6.931431770324707
331,6.649364471435547
332,7.065308570861816
333,6.997098922729492
334,5.125885009765625
335,5.944244861602783
336,7.091531753540039
337,5.703293800354004
338,6.002159595489502
339,7.372670650482178
340,5.791820526123047
341,6.107102394104004
342,7.765345573425293
343,8.074241638183594
344,5.791489124298096
345,6.4720282554626465
346,6.260477542877197
347,5.493012428283691
348,6.4683661460876465
349,7.036270618438721
350,5.9235920906066895
351,6.104739665985107
352,5.747504234313965
353,6.129214286804199
354,6.900573253631592
355,6.699851036071777
356,6.377328395843506
357,6.18515682220459
358,6.660794258117676
359,5.469510555267334
360,7.3310136795043945
361,7.701206684112549
362,6.360296249389648
363,7.120652198791504
364,7.493533134460449
365,6.809689998626709
366,7.320168495178223
367,6.418403148651123
368,6.384243011474609
369,6.064661979675293
370,7.308012008666992
371,7.09541130065918
372,6.159541130065918
373,5.916513919830322
374,6.922231674194336
375,5.769004821777344
376,7.828010559082031
377,7.014906406402588
378,7.5862908363342285
379,7.145925521850586
380,4.788603782653809
381,6.4900803565979
382,6.384259223937988
383,5.728346824645996
384,7.178112983703613
385,6.683003902435303
386,4.545132637023926
387,6.225370407104492
388,5.8521575927734375
389,5.673617839813232
390,6.434844970703125
391,6.946691036224365
392,5.791669845581055
393,5.408735752105713
394,6.734586238861084
395,6.790276050567627
396,6.829775333404541
397,6.517219543457031
398,5.796998500823975
399,6.671785831451416
400,8.196282386779785
401,7.141554832458496
402,6.665417194366455
403,6.786515235900879
404,7.319026947021484
405,6.51677131652832
406,5.7886152267456055
407,5.100919246673584
408,7.033415794372559
409,4.467312335968018
410,6.754568576812744
411,6.8270769119262695
412,6.87454891204834
413,5.387116432189941
414,6.310386657714844
415,5.223175048828125
416,5.9351396560668945
417,5.4088544845581055
418,6.537267208099365
419,6.558653831481934
420,6.64458703994751
421,6.522794246673584
422,6.156015872955322
423,7.337221145629883
424,5.544292449951172
425,5.713842391967773
426,7.124779224395752
427,5.427595138549805
428,6.340579032897949
429,7.582022190093994
430,7.74313497543335
431,6.534378528594971
432,5.9150710105896
433,6.091851234436035
434,6.240396499633789
435,6.1195292472839355
436,5.737576484680176
437,5.572798252105713
438,6.452445983886719
439,5.2317047119140625
440,5.729100227355957
441,5.746921062469482
442,5.278934478759766
443,6.847835540771484
444,7.31293249130249
445,7.284417152404785
446,6.33335542678833
447,5.880843639373779
448,6.458657264709473
449,7.067037582397461
450,7.186797142028809
451,5.488626956939697
452,6.846132755279541
453,6.251962184906006
454,6.784996032714844
455,5.88891077041626
456,7.643587112426758
457,5.254431247711182
458,6.248620986938477
459,6.308666706085205
460,5.822851181030273
461,6.329092979431152
462,6.786502838134766
463,5.62775993347168
464,5.306231498718262
465,5.851357936859131
466,6.175657272338867
467,5.611294746398926
468,6.6662750244140625
469,6.319343090057373
470,5.2493391036987305
471,5.852137565612793
472,5.771907806396484
473,6.674953937530518
474,6.450104236602783
475,5.031383514404297
476,6.780422210693359
477,5.1751556396484375
478,5.269867897033691
479,6.335751533508301
480,7.2029571533203125
481,6.695402145385742
482,6.490262508392334
483,6.429047107696533
484,5.574825763702393
485,6.299249649047852
486,6.858908653259277
487,6.042820930480957
488,5.826443672180176
489,5.596210956573486
490,6.80664587020874
491,7.256582260131836
492,6.204730987548828
493,4.1872358322143555
494,5.204651355743408
495,5.600830078125
496,6.423620223999023
497,6.565370559692383
498,7.2158050537109375
499,7.320023059844971
500,6.5411248207092285
501,5.683032989501953
502,5.935251712799072
503,6.957225322723389
504,6.753959655761719
505,5.240657329559326
506,5.967207908630371
507,6.598049163818359
508,6.40014123916626
509,5.926480293273926
510,6.265672206878662
511,5.690702438354492
512,6.283280849456787
513,6.589494228363037
514,5.830118179321289
515,6.464195251464844
516,5.752731800079346
517,7.338157653808594
518,5.31683349609375
519,6.2121782302856445
520,6.35658073425293
521,6.249065399169922
522,6.3723955154418945
523,5.0639824867248535
524,6.498128414154053
525,5.19398307800293
526,4.7808613777160645
527,4.5132832527160645
528,5.703794479370117
529,5.961095333099365
530,6.288811683654785
531,7.022228240966797
532,6.493347644805908
533,5.953024864196777
534,7.0664262771606445
535,5.769608974456787
536,6.342641353607178
537,5.97193717956543
538,6.85170841217041
539,5.877898216247559
540,5.7520341873168945
541,7.649052619934082
542,5.690115928649902
543,6.073254585266113
544,5.5756611824035645
545,6.363869667053223
546,7.112585067749023
547,7.361749172210693
548,4.0597944259643555
549,5.369156837463379
550,6.211599826812744
551,7.023431777954102
552,7.022932529449463
553,5.364760398864746
554,6.894479751586914
555,6.687349319458008
556,4.862703800201416
557,6.507421970367432
558,6.7884721755981445
559,5.30687141418457
560,7.192621231079102
561,5.882888317108154
562,6.583357334136963
563,5.824535846710205
564,5.092794418334961
565,6.477348327636719
566,5.369073867797852
567,7.249017715454102
568,6.355489730834961
569,6.302773475646973
570,6.2684645652771
571,5.763340473175049
572,5.2442851066589355
573,7.1028876304626465
574,6.160568714141846
575,5.927884578704834
576,5.7804670333862305
577,5.906421661376953
578,6.615126609802246
579,6.502986907958984
580,6.898036003112793
581,5.85163688659668
582,5.60673189163208
583,5.319850444793701
584,4.740543842315674
585,4.3703999519348145
586,7.177640438079834
587,6.8857035636901855
588,6.546468257904053
589,6.705225467681885
590,5.740030288696289
591,6.291131496429443
592,4.733108997344971
593,5.73630428314209
594,7.224441051483154
595,5.642305374145508
596,5.4899678230285645
597,6.735828399658203
598,5.007818222045898
599,6.524267196655273
600,6.013514518737793
601,5.852051734924316
602,6.0929789543151855
603,6.065201282501221
604,5.1998138427734375
605,6.183582305908203
606,6.955461025238037
607,5.514618396759033
608,5.822968482971191
609,6.129729747772217
610,6.180023670196533
611,6.809603691101074
612,5.920665740966797
613,6.416007995605469
614,6.089300632476807
615,5.306832313537598
616,7.070555686950684
617,6.629860877990723
618,5.707418441772461
619,6.669723987579346
620,6.085958957672119
621,6.379873275756836
622,5.725914478302002
623,7.153364181518555
624,5.977997303009033
625,6.440128803253174
626,5.33668327331543
627,5.95490837097168
628,6.029702186584473
629,7.089293479919434
630,5.97227144241333
631,6.480374336242676
632,6.692945957183838
633,5.415373802185059
634,6.628319263458252
635,5.2174530029296875
636,6.252773284912109
637,5.090052604675293
638,5.84747314453125
639,7.063296318054199
640,5.887117385864258
641,5.9742751121521
642,5.805932998657227
643,5.3786211013793945
644,4.405806541442871
645,4.644906044006348
646,5.2352190017700195
647,5.0325822830200195
648,5.719641208648682
649,5.031005382537842
650,4.643296241760254
651,6.1781325340271
652,5.339772701263428
653,5.675793647766113
654,6.203710079193115
655,6.08390998840332
656,6.489620208740234
657,4.915754795074463
658,5.5726470947265625
659,6.849245548248291
660,5.638697624206543
661,5.300532341003418
662,6.127659320831299
663,5.268138885498047
664,5.274892330169678
665,4.958967208862305
666,5.985645294189453
667,5.458263874053955
668,5.186158657073975
669,4.67816162109375
670,6.253304958343506
671,6.025184154510498
672,6.731814384460449
673,6.670221328735352
674,5.54066276550293
675,4.866888523101807
676,5.14215612411499
677,6.055070400238037
678,6.633570671081543
679,6.636202812194824
680,4.7246623039245605
681,7.724593162536621
682,4.692747592926025
683,5.243584632873535
684,5.465967655181885
685,4.375051498413086
686,5.571869850158691
687,5.886498928070068
688,6.340518474578857
689,6.386082649230957
690,5.390794277191162
691,7.0384321212768555
692,6.764495372772217
693,6.489792346954346
694,4.8794264793396
695,6.234384536743164
696,5.3255205154418945
697,6.918260097503662
698,5.753138065338135
699,5.423059463500977
700,5.65217924118042
701,4.410489559173584
702,5.329861164093018
703,4.774413108825684
704,6.692198276519775
705,5.798539638519287
706,6.599672317504883
707,6.670158863067627
708,4.086606025695801
709,6.709953784942627
710,5.7211198806762695
711,6.807049751281738
712,5.727074146270752
713,6.299835205078125
714,7.172150135040283
715,5.10527229309082
716,6.0741777420043945
717,6.016123294830322
718,6.375336647033691
719,4.775622367858887
720,4.72793436050415
721,6.60338020324707
722,6.272408962249756
723,5.406069755554199
724,5.986817836761475
725,5.8697309494018555
726,6.221640586853027
727,5.710938930511475
728,5.554162502288818
729,6.422762870788574
730,5.188375473022461
731,5.30662727355957
732,5.039190292358398
733,6.157474994659424
734,5.4314470291137695
735,6.015108585357666
736,7.319500923156738
737,5.403028964996338
738,5.124882698059082
739,5.410274505615234
740,5.860949993133545
741,6.558946132659912
742,6.0833659172058105
743,4.9737043380737305
744,6.245230197906494
745,4.494356155395508
746,4.658168315887451
747,5.88286828994751
748,5.9019083976745605
749,6.378958702087402
750,4.034197807312012
751,5.732389450073242
752,4.565964221954346
753,5.902400970458984
754,6.512976169586182
755,6.548367977142334
756,6.025900363922119
757,5.450654029846191
758,5.65346622467041
759,5.274885177612305
760,6.326089382171631
761,5.524260997772217
762,4.714407920837402
763,5.78556489944458
764,6.327846527099609
765,6.324337959289551
766,6.110565185546875
767,4.809334754943848
768,6.616827964782715
769,5.702029705047607
770,5.056704044342041
771,5.723119258880615
772,6.260652542114258
773,6.119529724121094
774,5.069372653961182
775,6.160919189453125
776,5.86191463470459
777,4.819692611694336
778,5.706703186035156
779,6.587111949920654
780,6.729797840118408
781,4.941134929656982
782,4.8197526931762695
783,4.738036632537842
784,5.218311786651611
785,5.185626983642578
786,5.577152252197266
787,5.454373836517334
788,5.973085880279541
789,6.159279823303223
790,5.64148473739624
791,5.291729927062988
792,5.433304786682129
793,6.479750156402588
794,5.954375267028809
795,6.628988265991211
796,3.825777769088745
797,5.446746826171875
798,5.537228584289551
799,6.0233378410339355
800,5.035053253173828
801,5.727187633514404
802,6.539726257324219
803,6.069552421569824
804,5.677558422088623
805,6.520646095275879
806,5.984632968902588
807,4.70822811126709
808,5.857202529907227
809,6.502826690673828
810,4.7519989013671875
811,6.920799255371094
812,6.792816638946533
813,6.202509880065918
814,5.871833801269531
815,6.158576488494873
816,4.742883205413818
817,5.715212821960449
818,4.953172206878662
819,4.712883949279785
820,6.335015773773193
821,4.547422409057617
822,5.379756927490234
823,5.914817810058594
824,5.264841079711914
825,4.0578389167785645
826,5.693227767944336
827,6.091938018798828
828,5.580250263214111
829,4.268320560455322
830,6.0861616134643555
831,4.725995063781738
832,5.5628461837768555
833,5.415379524230957
834,5.888969898223877
835,5.624965190887451
836,6.147576808929443
837,5.554579734802246
838,5.034704208374023
839,5.11602258682251
840,7.279117584228516
841,6.175906181335449
842,5.245596885681152
843,5.333812236785889
844,5.869780540466309
845,5.657654762268066
846,5.367428779602051
847,5.429949760437012
848,4.450671195983887
849,4.671962738037109
850,6.292396545410156
851,6.439787864685059
852,3.9922568798065186
853,6.14210319519043
854,5.900699615478516
855,5.252159595489502
856,7.136497974395752
857,5.126380920410156
858,5.493413925170898
859,6.59267520904541
860,5.5348591804504395
861,5.444371700286865
862,5.238425254821777
863,5.77445650100708
864,5.412381649017334
865,5.204326152801514
866,5.230136871337891
867,6.242607593536377
868,5.924168109893799
869,5.148426532745361
870,6.6679768562316895
871,5.7318115234375
872,4.908594608306885
873,5.671112060546875
874,6.011918544769287
875,4.612938404083252
876,4.925668716430664
877,5.195976734161377
878,5.117667198181152
879,5.074444770812988
880,5.426657676696777
881,3.764036178588867
882,5.28281307220459
883,5.913713455200195
884,6.127070903778076
885,4.763548374176025
886,4.044370651245117
887,5.374874114990234
888,6.148533344268799
889,5.943666934967041
890,6.654265403747559
891,5.530694961547852
892,5.3656697273254395
893,3.813368797302246
894,5.00079345703125
895,5.0632781982421875
896,5.246590614318848
897,4.868535995483398
898,5.17099142074585
899,5.142614364624023
900,6.04458475112915
901,6.451968669891357
902,6.465672016143799
903,4.729764938354492
904,5.139536380767822
905,6.640048980712891
906,5.810506343841553
907,5.212393760681152
908,5.688374042510986
909,6.0102925300598145
910,5.619573593139648
911,5.547975063323975
912,5.258426666259766
913,5.088334083557129
914,5.690324306488037
915,5.643830299377441
916,6.433826446533203
917,5.487706184387207
918,4.792680740356445
919,4.084945201873779
920,4.2009711265563965
921,5.281587600708008
922,6.453691482543945
923,5.175389289855957
924,5.220704078674316
925,5.77156925201416
926,5.543332576751709
927,7.097629070281982
928,5.913073539733887
929,6.41515588760376
930,5.07403564453125
931,5.150245666503906
932,4.8856987953186035
933,5.0118842124938965
934,4.984121322631836
935,5.064115524291992
936,5.311039924621582
937,6.851924419403076
938,5.198278427124023
939,6.18817138671875
940,5.1533660888671875
941,5.376275539398193
942,5.562597751617432
943,5.381950378417969
944,5.3404693603515625
945,6.732058525085449
946,4.577481746673584
947,6.2003960609436035
948,6.422555923461914
949,5.463343143463135
950,6.657598495483398
951,6.980494499206543
952,5.7669477462768555
953,5.423725128173828
954,5.2774457931518555
955,4.552501678466797
956,6.194990158081055
957,5.5281662940979
958,6.464783191680908
959,5.479374408721924
960,6.516363143920898
961,6.364314556121826
962,4.848331451416016
963,5.757735252380371
964,5.440191745758057
965,5.403774261474609
966,6.3729047775268555
967,5.692148208618164
968,5.36159610748291
969,6.799462795257568
970,5.581366539001465
971,4.9514946937561035
972,6.565779209136963
973,6.244878768920898
974,4.835160255432129
975,3.5650670528411865
976,6.078706741333008
977,5.033720970153809
978,4.013051986694336
979,6.526350021362305
980,6.217085361480713
981,5.483466625213623
982,5.019578456878662
983,4.889914035797119
984,4.56602144241333
985,6.586627006530762
986,6.2336578369140625
987,3.795902967453003
988,5.823692798614502
989,5.767672538757324
990,6.715719223022461
991,5.55271577835083
992,6.074396133422852
993,5.31923770904541
994,5.841511249542236
995,5.559902667999268
996,5.021815299987793
997,5.634629249572754
998,6.782810211181641
999,7.103882789611816
1000,4.979910373687744
1001,4.433200836181641
1002,6.537267208099365
1003,4.462911128997803
1004,5.018006324768066
1005,6.316250324249268
1006,5.077320575714111
1007,5.22609806060791
1008,5.423098564147949
1009,5.303208827972412
1010,5.34827995300293
1011,4.814294815063477
1012,5.034168720245361
1013,6.433252334594727
1014,4.800186634063721
1015,6.204832553863525
1016,5.643985271453857
1017,5.363388538360596
1018,4.055557727813721
1019,5.883877277374268
1020,6.924466609954834
1021,6.210628509521484
1022,4.190075874328613
1023,4.717856407165527
1024,5.572033882141113
1025,5.085293292999268
1026,5.99337911605835
1027,5.993908405303955
1028,6.123087406158447
1029,6.627608776092529
1030,4.353766441345215
1031,5.240386486053467
1032,7.303699493408203
1033,5.877544403076172
1034,4.649270057678223
1035,6.1802544593811035
1036,3.3780879974365234
1037,4.806509017944336
1038,5.191003799438477
1039,4.761617660522461
1040,6.311934471130371
1041,5.591075897216797
1042,4.21097993850708
1043,3.166337013244629
1044,6.4586920738220215
1045,5.529385089874268
1046,6.209593772888184
1047,4.888382434844971
1048,5.6859588623046875
1049,4.496956825256348
1050,4.956695079803467
1051,6.122917175292969
1052,5.698644638061523
1053,5.429115295410156
1054,5.828955173492432
1055,5.737766265869141
1056,5.444930076599121
1057,5.506667137145996
1058,5.23969030380249
1059,6.020167827606201
1060,4.7278618812561035
1061,6.145113945007324
1062,5.895809650421143
1063,5.6151933670043945
1064,4.874984264373779
1065,5.937027931213379
1066,5.609554290771484
1067,5.293508052825928
1068,5.977494239807129
1069,5.538443088531494
1070,6.616521835327148
1071,6.3280816078186035
1072,6.685819149017334
1073,6.920734882354736
1074,4.684967517852783
1075,4.935366630554199
1076,6.786341667175293
1077,5.9596099853515625
1078,4.450605392456055
1079,5.938077926635742
1080,4.233517169952393
1081,4.406894207000732
1082,4.101652145385742
1083,6.235203266143799
1084,5.772890090942383
1085,4.865985870361328
1086,5.468212127685547
1087,5.292117118835449
1088,4.501494407653809
1089,5.3907246589660645
1090,5.171241760253906
1091,3.4939968585968018
1092,4.736223220825195
1093,5.68571662902832
1094,5.448834419250488
1095,4.721529960632324
1096,5.479712963104248
1097,5.120741844177246
1098,4.01796293258667
1099,4.726597309112549
1100,5.82720947265625
1101,4.5117621421813965
1102,5.3781304359436035
1103,4.266097545623779
1104,5.130173683166504
1105,7.025712966918945
1106,3.774404287338257
1107,5.711377143859863
1108,7.199923038482666
1109,4.952566623687744
1110,6.698532581329346
1111,5.0260467529296875
1112,6.427967071533203
1113,3.9661669731140137
1114,5.0670905113220215
1115,5.105704307556152
1116,6.499701499938965
1117,3.7151312828063965
1118,3.6110143661499023
1119,6.119613170623779
1120,4.471282958984375
1121,4.1999287605285645
1122,3.838665723800659
1123,5.133241653442383
1124,5.67429256439209
1125,4.403463363647461
1126,5.749208927154541
1127,4.811836242675781
1128,5.58461856842041
1129,5.2570013999938965
1130,5.583586692810059
1131,4.746016025543213
1132,4.8325018882751465
1133,5.770113468170166
1134,6.36012077331543
1135,4.654250144958496
1136,5.351235866546631
1137,5.365175247192383
1138,5.889995574951172
1139,5.792994499206543
1140,5.1727519035339355
1141,6.223797798156738
1142,6.475780010223389
1143,5.236495018005371
1144,4.786905288696289
1145,5.705766677856445
1146,4.887655258178711
1147,5.329930305480957
1148,4.642658710479736
1149,4.000308036804199
1150,6.130626678466797
1151,4.660817623138428
1152,6.389379501342773
1153,4.926577568054199
1154,3.821824312210083
1155,4.820418357849121
1156,5.087693214416504
1157,5.1013336181640625
1158,5.4183197021484375
1159,5.048510551452637
1160,6.138539791107178
1161,6.225035667419434
1162,4.931525230407715
1163,6.149710655212402
1164,4.416508674621582
1165,5.7195916175842285
1166,5.874098777770996
1167,5.316962242126465
1168,4.960214614868164
1169,4.766454696655273
1170,4.132668972015381
1171,5.919928550720215
1172,4.85471248626709
1173,4.49830961227417
1174,4.336064338684082
1175,4.230441570281982
1176,5.348756790161133
1177,6.128087520599365
1178,4.400331497192383
1179,5.439999580383301
1180,5.495944976806641
1181,4.935895919799805
1182,4.6837639808654785
1183,4.237903118133545
1184,4.542235374450684
1185,4.7969183921813965
1186,5.4643449783325195
1187,6.28000545501709
1188,7.070062637329102
1189,5.171285152435303
1190,6.347582817077637
1191,5.454024791717529
1192,4.661831855773926
1193,6.5031328201293945
1194,4.729405403137207
1195,4.9417724609375
1196,4.914056777954102
1197,4.34826135635376
1198,4.05502986907959
1199,5.164457321166992
1200,4.827388763427734
1201,3.211252450942993
1202,4.856282711029053
1203,4.853102684020996
1204,5.458266258239746
1205,5.0186967849731445
1206,4.231656074523926
1207,4.7002482414245605
1208,5.187723636627197
1209,4.459338665008545
1210,4.179342269897461
1211,4.95163631439209
1212,5.570103645324707
1213,4.890472412109375
1214,4.984683990478516
1215,4.928093910217285
1216,3.8148226737976074
1217,6.154967308044434
1218,3.648118019104004
1219,5.141537666320801
1220,6.643775939941406
1221,7.1369733810424805
1222,5.843747138977051
1223,6.433501243591309
1224,4.727289199829102
1225,5.679268836975098
1226,5.122551918029785
1227,3.9668588638305664
1228,4.516528606414795
1229,5.771620273590088
1230,4.527952194213867
1231,5.555685997009277
1232,5.725937366485596
1233,5.12813138961792
1234,5.414832592010498
1235,4.738650798797607
1236,4.726522445678711
1237,5.207332611083984
1238,5.302486419677734
1239,5.1324143409729
1240,4.879859447479248
1241,6.787533283233643
1242,5.4350457191467285
1243,5.431811809539795
1244,5.284959316253662
1245,6.226658821105957
1246,5.443758010864258
1247,4.078173637390137
1248,4.857785701751709
1249,4.650195121765137
1250,5.373043537139893
1251,6.892821788787842
1252,6.000646114349365
1253,5.2938947677612305
1254,5.224403381347656
1255,5.075815200805664
1256,6.537376880645752
1257,5.711579322814941
1258,5.007458209991455
1259,4.2539753913879395
1260,4.341506004333496
1261,4.807128429412842
1262,4.823014259338379
1263,5.474639415740967
1264,5.664758205413818
1265,5.4951677322387695
1266,5.2121357917785645
1267,4.589897632598877
1268,3.9231207370758057
1269,5.081251621246338
1270,5.320637226104736
1271,5.795910835266113
1272,5.437269687652588
1273,4.889208793640137
1274,4.941999435424805
1275,5.804937362670898
1276,5.884471893310547
1277,5.3736371994018555
1278,3.4549338817596436
1279,5.351786136627197
1280,4.323857307434082
1281,4.511893272399902
1282,5.604500770568848
1283,4.426421165466309
1284,4.941493988037109
1285,6.118313312530518
1286,3.877476930618286
1287,4.125380516052246
1288,4.404270172119141
1289,6.729501724243164
1290,4.543538570404053
1291,5.518960952758789
1292,3.040529251098633
1293,4.458434104919434
1294,5.454189300537109
1295,5.182955265045166
1296,5.2259345054626465
1297,5.917453765869141
1298,4.731475830078125
1299,5.223441123962402
1300,6.161108016967773
1301,5.508791923522949
1302,3.929990291595459
1303,5.285660266876221
1304,5.076398849487305
1305,4.946124076843262
1306,4.974367141723633
1307,4.909735202789307
1308,4.138983249664307
1309,5.051435470581055
1310,5.249166965484619
1311,5.07230281829834
1312,5.010477066040039
1313,4.981845378875732
1314,5.96535587310791
1315,5.431530475616455
1316,6.671834468841553
1317,3.682663679122925
1318,5.839407920837402
1319,4.2368292808532715
1320,6.151223659515381
1321,6.333056449890137
1322,3.6236581802368164
1323,6.309819221496582
1324,5.778365135192871
1325,5.924628734588623
1326,4.389100074768066
1327,5.182611465454102
1328,6.050942420959473
1329,5.679239273071289
1330,6.880148410797119
1331,3.8168790340423584
1332,3.9298667907714844
1333,5.526902198791504
1334,4.909542560577393
1335,5.2035980224609375
1336,6.684890270233154
1337,5.020921230316162
1338,4.25716495513916
1339,3.6984715461730957
1340,3.2876205444335938
1341,3.8474512100219727
1342,5.948286533355713
1343,3.0114896297454834
1344,5.563018798828125
1345,6.451964378356934
1346,5.266411781311035
1347,3.866830825805664
1348,4.9319682121276855
1349,6.553897380828857
1350,4.9150166511535645
1351,4.181839466094971
1352,5.966579914093018
1353,3.637946367263794
1354,5.492889881134033
1355,5.0312886238098145
1356,5.374405384063721
1357,5.624706745147705
1358,5.276299476623535
1359,3.928757905960083
1360,6.393012046813965
1361,5.283146381378174
1362,5.2528486251831055
1363,4.659764289855957
1364,4.820918083190918
1365,5.602533340454102
1366,4.6717610359191895
1367,3.478837728500366
1368,3.635871648788452
1369,4.261570930480957
1370,5.245463848114014
1371,4.755233287811279
1372,4.55600643157959
1373,4.41024923324585
1374,4.89898157119751
1375,4.280911445617676
1376,5.0522871017456055
1377,3.9774482250213623
1378,4.546734809875488
1379,5.018112659454346
1380,4.6625800132751465
1381,3.809023857116699
1382,5.401820182800293
1383,5.577448844909668
1384,4.13863468170166
1385,6.539330005645752
1386,5.544898986816406
1387,5.447565078735352
1388,4.59770393371582
1389,4.755845069885254
1390,4.7481842041015625
1391,5.549546718597412
1392,5.107419967651367
1393,6.096802711486816
1394,4.927556991577148
1395,4.150333404541016
1396,5.539678573608398
1397,4.918405532836914
1398,5.1920270919799805
1399,4.879513740539551
1400,3.8432974815368652
1401,4.075304985046387
1402,6.2670087814331055
1403,4.431885242462158
1404,4.689464092254639
1405,5.273331642150879
1406,5.68492317199707
1407,6.627388000488281
1408,5.618710041046143
1409,4.594261646270752
1410,6.042812347412109
1411,5.03887939453125
1412,3.6511549949645996
1413,4.662435054779053
1414,5.215602874755859
1415,5.035577774047852
1416,6.0415754318237305
1417,4.895953178405762
1418,6.0141825675964355
1419,4.724480628967285
1420,5.2776312828063965
1421,3.6507694721221924
1422,5.085384845733643
1423,4.167872905731201
1424,4.596122741699219
1425,4.43828010559082
1426,6.115853786468506
1427,3.8699779510498047
1428,4.940533638000488
1429,4.178247928619385
1430,6.4503865242004395
1431,4.883267402648926
1432,5.744731903076172
1433,6.000922203063965
1434,3.2563812732696533
1435,3.9481327533721924
1436,5.003230094909668
1437,4.133710861206055
1438,5.136384963989258
1439,6.187577724456787
1440,5.122386455535889
1441,4.399458885192871
1442,5.148954391479492
1443,3.549186944961548
1444,5.02155876159668
1445,4.502594947814941
1446,4.4162421226501465
1447,5.353279113769531
1448,4.105824947357178
1449,3.9852027893066406
1450,3.925159215927124
1451,5.688695907592773
1452,4.821176052093506
1453,6.552640438079834
1454,5.118773460388184
1455,4.274534225463867
1456,5.421115875244141
1457,5.037991046905518
1458,6.175765514373779
1459,3.071122884750366
1460,5.175023078918457
1461,5.059663772583008
1462,4.019838809967041
1463,4.3895769119262695
1464,3.2108752727508545
1465,6.802016258239746
1466,6.527272701263428
1467,5.113489627838135
1468,4.964698314666748
1469,6.263477802276611
1470,5.047717571258545
1471,4.4158759117126465
1472,4.552306652069092
1473,5.888936519622803
1474,4.102564334869385
1475,4.530858993530273
1476,6.687836647033691
1477,6.074526786804199
1478,6.087771892547607
1479,4.1713128089904785
1480,4.545947074890137
1481,5.14958381652832
1482,4.773398399353027
1483,4.279962539672852
1484,4.506921768188477
1485,5.554762840270996
1486,3.7888119220733643
1487,5.326149940490723
1488,5.314527988433838
1489,5.999856948852539
1490,4.827902317047119
1491,6.6964006423950195
1492,5.1611857414245605
1493,5.500089168548584
1494,3.137789011001587
1495,5.372006416320801
1496,4.354171276092529
1497,4.6469244956970215
1498,5.207008361816406
1499,3.368499755859375
1500,5.0054931640625
